-- phpMyAdmin SQL Dump
-- version 5.2.0
-- https://www.phpmyadmin.net/
--
-- Host: 127.0.0.1
-- Generation Time: Jul 20, 2022 at 03:52 PM
-- Server version: 10.4.24-MariaDB
-- PHP Version: 8.1.6

SET SQL_MODE = "NO_AUTO_VALUE_ON_ZERO";
START TRANSACTION;
SET time_zone = "+00:00";


/*!40101 SET @OLD_CHARACTER_SET_CLIENT=@@CHARACTER_SET_CLIENT */;
/*!40101 SET @OLD_CHARACTER_SET_RESULTS=@@CHARACTER_SET_RESULTS */;
/*!40101 SET @OLD_COLLATION_CONNECTION=@@COLLATION_CONNECTION */;
/*!40101 SET NAMES utf8mb4 */;

--
-- Database: `aa`
--

-- --------------------------------------------------------

--
-- Table structure for table `actor`
--

CREATE TABLE `actor` (
  `ID` int(11) NOT NULL,
  `name` varchar(25) CHARACTER SET latin1 NOT NULL DEFAULT '-',
  `skin` int(11) NOT NULL DEFAULT 0,
  `anim` int(11) NOT NULL DEFAULT 0,
  `posx` float NOT NULL DEFAULT 0,
  `posy` float NOT NULL DEFAULT 0,
  `posz` float NOT NULL DEFAULT 0,
  `posr` float NOT NULL DEFAULT 0,
  `interior` int(11) NOT NULL DEFAULT 0,
  `world` int(11) NOT NULL DEFAULT 0
) ENGINE=InnoDB DEFAULT CHARSET=utf8;

--
-- Dumping data for table `actor`
--

INSERT INTO `actor` (`ID`, `name`, `skin`, `anim`, `posx`, `posy`, `posz`, `posr`, `interior`, `world`) VALUES
(0, '/prosesborax', 291, 0, -347.93, -1045.66, 59.8125, 168.924, 0, 1),
(1, '/jualborax', 115, 0, 1514.2, 22.0824, 24.1406, 281.221, 0, 1),
(2, '/prosesborax', 114, 0, -348.062, -1045.66, 59.8125, 170.153, 0, 1),
(3, '/jualborax', 114, 0, 1515.68, 22.3396, 24.1406, 278.536, 0, 1),
(4, '/prosesborax', 115, 0, -347.838, -1045.66, 59.8125, 182.229, 0, 1),
(5, 'Vincent', 146, 2, 204.175, -157.83, 1000.52, 176.657, 14, 1);

-- --------------------------------------------------------

--
-- Table structure for table `atms`
--

CREATE TABLE `atms` (
  `id` int(11) NOT NULL,
  `posx` float NOT NULL,
  `posy` float NOT NULL,
  `posz` float NOT NULL,
  `posrx` float NOT NULL,
  `posry` float NOT NULL,
  `posrz` float NOT NULL,
  `interior` int(11) NOT NULL DEFAULT 0,
  `world` int(11) NOT NULL DEFAULT 0
) ENGINE=MyISAM DEFAULT CHARSET=latin1;

--
-- Dumping data for table `atms`
--

INSERT INTO `atms` (`id`, `posx`, `posy`, `posz`, `posrx`, `posry`, `posrz`, `interior`, `world`) VALUES
(0, 2248.51, -1759.95, 1014.38, 0, 0, -176.5, 1, 0),
(1, 1491.64, -1011.53, 26.5137, 0, 0, -86.7, 0, 0),
(2, 1432.35, -1012, 26.4837, 0, 0, 88.7, 0, 0),
(3, 1172.09, -1319.17, 14.9891, 0, 0, 89, 0, 0),
(5, 1758.83, -1750.74, 13.235, 0, 0, 0, 0, 0),
(6, 391.069, -1805.93, 7.53812, 0, 0, 180, 0, 0),
(7, -83.2758, -1183.58, 1.42701, 0, 0, -20.3, 0, 0),
(4, 1833.23, -1850.19, 13.1897, 0, 0, -90.8, 0, 0),
(13, -1980.64, 134.372, 27.3275, 0, 0, -90.8, 0, 0),
(14, 1382.74, 262.982, 19.5669, 0, 0, 0, 0, 0),
(16, 1498.52, -1749.88, 15.0725, 0, 0, 179.9, 0, 0),
(12, -2160.13, -2458.91, 30.2628, 0, 0, -38.6, 0, 0),
(8, 1553.84, -1663.48, 13.2122, 0, 0, -90.1, 0, 0),
(11, 269.915, -202.243, 1.22812, 0, 0, 0, 0, 0),
(9, 1235.75, 209.285, 19.1947, 0, 0, -22.1, 0, 0),
(20, 690.882, -576.502, 15.9659, 0, 0, -89.0999, 0, 0),
(10, 565.791, -1293.96, 16.8582, 0, 0, -178.2, 0, 0);

-- --------------------------------------------------------

--
-- Table structure for table `banneds`
--

CREATE TABLE `banneds` (
  `id` int(10) UNSIGNED NOT NULL,
  `name` varchar(24) DEFAULT 'None',
  `ip` varchar(24) DEFAULT 'None',
  `longip` int(11) DEFAULT 0,
  `ban_expire` bigint(20) DEFAULT 0,
  `ban_date` bigint(20) DEFAULT 0,
  `last_activity_timestamp` bigint(20) DEFAULT 0,
  `admin` varchar(40) DEFAULT 'Server',
  `reason` varchar(128) DEFAULT 'None'
) ENGINE=MyISAM DEFAULT CHARSET=latin1;

-- --------------------------------------------------------

--
-- Table structure for table `bisnis`
--

CREATE TABLE `bisnis` (
  `ID` int(11) NOT NULL,
  `owner` varchar(40) NOT NULL DEFAULT '-',
  `ownerid` int(11) NOT NULL,
  `name` varchar(40) NOT NULL DEFAULT 'Bisnis',
  `price` int(11) NOT NULL DEFAULT 500000,
  `type` int(11) NOT NULL DEFAULT 1,
  `locked` int(11) NOT NULL DEFAULT 1,
  `money` int(11) NOT NULL DEFAULT 0,
  `prod` int(11) NOT NULL DEFAULT 50,
  `bprice0` int(11) NOT NULL DEFAULT 500,
  `bprice1` int(11) NOT NULL DEFAULT 500,
  `bprice2` int(11) NOT NULL DEFAULT 500,
  `bprice3` int(11) NOT NULL DEFAULT 500,
  `bprice4` int(11) NOT NULL DEFAULT 500,
  `bprice5` int(11) NOT NULL DEFAULT 500,
  `bprice6` int(11) NOT NULL DEFAULT 500,
  `bprice7` int(11) NOT NULL DEFAULT 500,
  `bprice8` int(11) NOT NULL DEFAULT 500,
  `bprice9` int(11) NOT NULL DEFAULT 500,
  `bint` int(11) NOT NULL DEFAULT 0,
  `extposx` float NOT NULL DEFAULT 0,
  `extposy` float NOT NULL DEFAULT 0,
  `extposz` float NOT NULL DEFAULT 0,
  `extposa` float NOT NULL DEFAULT 0,
  `intposx` float NOT NULL DEFAULT 0,
  `intposy` float NOT NULL DEFAULT 0,
  `intposz` float NOT NULL DEFAULT 0,
  `intposa` float NOT NULL DEFAULT 0,
  `pointx` float DEFAULT 0,
  `pointy` float DEFAULT 0,
  `pointz` float DEFAULT 0,
  `visit` bigint(20) NOT NULL DEFAULT 0,
  `restock` tinyint(4) NOT NULL DEFAULT 0
) ENGINE=MyISAM DEFAULT CHARSET=latin1;

--
-- Dumping data for table `bisnis`
--

INSERT INTO `bisnis` (`ID`, `owner`, `ownerid`, `name`, `price`, `type`, `locked`, `money`, `prod`, `bprice0`, `bprice1`, `bprice2`, `bprice3`, `bprice4`, `bprice5`, `bprice6`, `bprice7`, `bprice8`, `bprice9`, `bint`, `extposx`, `extposy`, `extposz`, `extposa`, `intposx`, `intposy`, `intposz`, `intposa`, `pointx`, `pointy`, `pointz`, `visit`, `restock`) VALUES
(1, 'Rihito', 8, 'Toko Peratalan Kerja', 1000, 2, 0, 1496, 100, 100, 210, 300, 200, 520, 520, 1000, 100, 0, 0, 6, -224.245, -2263.55, 29.3, 296.321, -26.68, -57.92, 1003.54, 357.58, -23.3037, -55.5642, 1003.55, 1652812593, 1),
(0, 'Lovic_Hug', 5, 'Ganton', 100000, 3, 0, 349, 95, 100, 10, 100, 100, 0, 0, 0, 0, 0, 0, 15, 2244.34, -1665.55, 15.4766, 159.472, 207.55, -110.67, 1005.13, 0.159999, 207.575, -100.327, 1005.26, 1652816550, 0),
(2, 'Clairo_Stevano', 2, 'Idlewood', 30000, 5, 0, 91, 4994, 15, 20, 10, 15, 30, 15, 0, 0, 0, 0, 1, 1834.66, -1831.05, 13.5781, 309.848, 1421.95, -1180.97, 26, 176.57, 1422.28, -1185.31, 26.0029, 1653424797, 0),
(3, 'Aaron_Richard', 5, 'El Corona', 2000000, 5, 0, 8925, 83, 500, 500, 500, 500, 500, 500, 1000, 500, 500, 500, 1, 1848.33, -1871.75, 13.5781, 276.548, 1421.95, -1180.97, 26, 176.57, 1422.2, -1185.21, 26.0029, 0, 0),
(4, 'Clairo_Stevano', 2, 'Rodeo', 30000, 5, 0, 104, 993, 15, 20, 15, 10, 30, 15, 0, 0, 0, 0, 2, 478.096, -1534.4, 19.6701, 111.084, 1421.95, -1180.97, 26, 176.57, 1422.24, -1185.31, 26.0029, 1653424312, 0),
(5, 'Clairo_Stevano', 2, 'Palomino Creek', 30000, 5, 0, 0, 1000, 20, 25, 15, 10, 35, 15, 0, 0, 0, 0, 2, 2277.79, 51.175, 26.4844, 352.385, 1421.95, -1180.97, 26, 176.57, 1422.39, -1185.31, 26.0029, 1653628082, 0),
(6, '-', 0, 'Mulholland', 25000, 2, 1, 0, 50, 500, 500, 500, 500, 500, 500, 500, 500, 500, 500, 6, 1000.59, -919.93, 42.3281, 307.33, -26.68, -57.92, 1003.54, 357.58, -30.0186, -55.653, 1003.55, 0, 0),
(7, 'Clairo_Stevano', 2, 'CLAIRO CELL', 40000, 5, 0, 0, 1000, 25, 30, 20, 10, 35, 15, 0, 0, 0, 0, 2, 1784.49, -1295.26, 13.4371, 170.266, 1421.95, -1180.97, 26, 176.57, 1422.54, -1185.31, 26.0029, 1653812681, 0),
(8, '-', 0, 'Temple', 25000, 1, 1, 0, 10, 500, 500, 500, 500, 500, 500, 500, 500, 500, 500, 10, 1199.26, -918.142, 43.1313, 21.656, 363.22, -74.86, 1001.5, 319.72, 376.39, -67.4352, 1001.51, 0, 0),
(9, 'Aaron_Richard', 5, 'Commerce', 30000, 1, 0, 1275, 47, 500, 500, 500, 500, 500, 500, 500, 500, 500, 500, 5, 1352.18, -1759.25, 13.5078, 5.78361, 372.34, -133.25, 1001.49, 4.8, 372.237, -119.589, 1001.49, 0, 0),
(10, 'Leoz_Maurice', 6, 'Rodeo', 35000, 3, 0, 27, 888884, 8, 10, 5, 7, 0, 0, 0, 0, 0, 0, 14, 461.716, -1500.87, 31.0445, 274.659, 204.49, -168.26, 1000.52, 358.74, 204.307, -159.352, 1000.52, 0, 0),
(11, 'Aaron_Richard', 5, 'Idlewood', 2, 2, 0, 425, 49, 500, 500, 500, 500, 500, 500, 500, 500, 500, 500, 6, 1833.78, -1842.63, 13.5781, 286.313, -26.68, -57.92, 1003.54, 357.58, -23.178, -55.6464, 1003.55, 0, 0);

-- --------------------------------------------------------

--
-- Table structure for table `booster`
--

CREATE TABLE `booster` (
  `booster` tinyint(3) NOT NULL DEFAULT 0
) ENGINE=InnoDB DEFAULT CHARSET=utf8mb4;

-- --------------------------------------------------------

--
-- Table structure for table `contacts`
--

CREATE TABLE `contacts` (
  `ID` int(11) DEFAULT 0,
  `contactID` int(11) NOT NULL,
  `contactName` varchar(32) CHARACTER SET latin1 DEFAULT NULL,
  `contactNumber` int(11) NOT NULL DEFAULT 0
) ENGINE=InnoDB DEFAULT CHARSET=utf8;

-- --------------------------------------------------------

--
-- Table structure for table `dealership`
--

CREATE TABLE `dealership` (
  `ID` int(11) NOT NULL,
  `owner` varchar(40) CHARACTER SET latin1 NOT NULL DEFAULT '-',
  `name` varchar(40) CHARACTER SET latin1 NOT NULL DEFAULT 'Dealership',
  `price` int(11) NOT NULL DEFAULT 1,
  `type` int(11) NOT NULL DEFAULT 1,
  `locked` int(11) NOT NULL DEFAULT 1,
  `money` int(11) NOT NULL DEFAULT 0,
  `stock` int(11) NOT NULL DEFAULT 100,
  `posx` float NOT NULL DEFAULT 0,
  `posy` float NOT NULL DEFAULT 0,
  `posz` float NOT NULL DEFAULT 0,
  `posa` float NOT NULL DEFAULT 0,
  `pointx` float DEFAULT 0,
  `pointy` float DEFAULT 0,
  `pointz` float DEFAULT 0,
  `restock` tinyint(2) NOT NULL DEFAULT 0
) ENGINE=InnoDB DEFAULT CHARSET=utf8mb4;

-- --------------------------------------------------------

--
-- Table structure for table `doors`
--

CREATE TABLE `doors` (
  `ID` int(11) NOT NULL,
  `name` varchar(50) DEFAULT 'None',
  `password` varchar(50) DEFAULT '',
  `icon` int(11) DEFAULT 19130,
  `mapicon` tinyint(4) NOT NULL DEFAULT 0,
  `locked` int(11) NOT NULL DEFAULT 0,
  `admin` int(11) NOT NULL DEFAULT 0,
  `vip` int(11) NOT NULL DEFAULT 0,
  `faction` int(11) NOT NULL DEFAULT 0,
  `family` int(11) NOT NULL DEFAULT -1,
  `garage` tinyint(4) NOT NULL DEFAULT 0,
  `custom` int(11) NOT NULL DEFAULT 0,
  `extvw` int(11) DEFAULT 0,
  `extint` int(11) DEFAULT 0,
  `extposx` float DEFAULT 0,
  `extposy` float DEFAULT 0,
  `extposz` float DEFAULT 0,
  `extposa` float DEFAULT 0,
  `intvw` int(11) DEFAULT 0,
  `intint` int(11) NOT NULL DEFAULT 0,
  `intposx` float DEFAULT 0,
  `intposy` float DEFAULT 0,
  `intposz` float DEFAULT 0,
  `intposa` float DEFAULT 0
) ENGINE=MyISAM DEFAULT CHARSET=latin1;

--
-- Dumping data for table `doors`
--

INSERT INTO `doors` (`ID`, `name`, `password`, `icon`, `mapicon`, `locked`, `admin`, `vip`, `faction`, `family`, `garage`, `custom`, `extvw`, `extint`, `extposx`, `extposy`, `extposz`, `extposa`, `intvw`, `intint`, `intposx`, `intposy`, `intposz`, `intposa`) VALUES
(0, 'San Andreas Police Departement', '', 19130, 30, 0, 0, 0, 0, -1, 0, 1, 0, 0, 1555.3, -1675.69, 16.1953, 87.1144, 5, 5, 101.813, 1073.54, -48.9141, 173.595),
(1, '[ Heli Pad ]', '', 19130, 0, 0, 0, 0, 1, 0, 0, 1, 0, 0, 1565.02, -1666.76, 28.3956, 3.67237, 5, 5, 115.213, 1064.65, -48.9141, 242.519),
(2, '[ Basement ]', '', 19130, 0, 0, 0, 0, 0, -1, 0, 1, 0, 0, 1568.62, -1689.98, 6.21875, 3.82408, 5, 5, 86.2733, 1063.16, -48.9141, 354.993),
(3, 'City Hall', '', 19130, 12, 0, 0, 0, 0, -1, 0, 1, 0, 0, 1481.09, -1772.31, 18.7958, 179.409, 0, 5, -2063.23, 2659.37, 1498.78, 358.826),
(4, 'San Andreas Goverment Service', '', 19130, 0, 0, 0, 0, 2, -1, 0, 1, 0, 0, 1485.14, -1824.97, 13.5469, 183.735, 0, 5, -2064.97, 2709.98, 1500.98, 186.444),
(5, 'San Andreas Medical Departement', '', 19130, 0, 0, 0, 0, 0, -1, 0, 1, 0, 0, 2034.35, -1401.86, 17.2965, 182.651, 0, 1, -2035.83, -58.028, 1060.99, 273.832),
(6, 'San Andreas Medical Departement', '', 19130, 0, 0, 0, 0, 0, -1, 0, 0, 0, 1, -2007.88, -73.2096, 1060.99, 6.41084, 0, 0, 0, 0, 0, 0),
(7, 'San Andreas Medical Departement', '', 19130, 0, 0, 0, 0, 0, -1, 0, 0, 0, 1, -2013.29, -73.1903, 1060.99, 2.65063, 0, 0, 0, 0, 0, 0),
(8, 'ASGH Medical Departement', '', 19130, 22, 0, 0, 0, 0, -1, 0, 1, 0, 0, 1172.08, -1325.34, 15.4074, 93.035, 5, 5, -1772.38, -2019.09, 1500.79, 1.91612),
(9, 'ASGH Medical Departement', '', 19130, 0, 0, 0, 0, 0, -1, 0, 1, 0, 0, 1144.88, -1324.18, 13.5853, 78.0049, 5, 5, -1762.8, -1995.84, 1500.79, 187.654),
(10, 'ASGH Medical Departement', '', 19130, 0, 0, 0, 0, 3, -1, 0, 1, 0, 0, 1163.41, -1329.97, 31.4847, 12.2057, 5, 5, -1768.33, -1992.17, 1500.79, 101.174),
(11, 'San Andreas News Agency', '', 19130, 19, 0, 0, 0, 0, -1, 0, 1, 0, 0, 649.092, -1360.59, 14.0034, 96.0664, 5, 5, -192.46, 1345.33, 1500.98, 172.375),
(12, 'San Andreas News Agency Studio', '', 19130, 0, 0, 0, 0, 0, -1, 0, 1, 0, 0, 740.15, -1351.26, 14.7142, 265.1, 5, 5, -204.038, 1314.5, 1500.98, 358.955),
(13, 'Bank Los Santos', '', 19130, 52, 0, 0, 0, 0, -1, 0, 1, 0, 0, 1461.24, -1020.52, 24.3051, 350.906, 5, 5, -2693.79, 796.65, 1500.97, 268.851),
(14, 'Taxi Longue', '', 19130, 0, 0, 0, 0, 0, -1, 0, 1, 0, 0, 1752.63, -1894.08, 13.5574, 276.873, 0, 1, -2158.5, 642.905, 1052.38, 184.752),
(15, 'VIP Longue', '', 19130, 0, 0, 0, 1, 0, -1, 0, 1, 0, 0, 1797.65, -1578.89, 14.0861, 280.855, 0, 1, -4107.23, 906.906, 3.10072, 176.818),
(16, 'SANEWS', '', 19130, 0, 0, 0, 0, 4, -1, 0, 0, 0, 1, 2473.41, 2278.42, 91.6868, 178.715, 5, 5, -212.877, 1310.36, 1507.66, 272.933),
(17, 'SANews Base', '', 19130, 0, 0, 0, 0, 0, -1, 0, 0, 5, 5, -212.263, 1326.9, 1500.99, 274.5, 0, 1, 2467.58, 2253.87, 91.6868, 89.1242),
(19, 'Alhambra', '', 19130, 48, 0, 0, 0, 0, -1, 0, 0, 0, 0, 1837.03, -1682.21, 13.323, 87.4758, 0, 3, -2636.87, 1402.56, 906.461, 12.1067),
(20, 'VIP Car Garage', '', 19130, 0, 0, 0, 1, 0, -1, 1, 1, 0, 0, 1827.26, -1538.06, 13.5469, 165.884, 0, 0, 1818.76, -1537.02, 13.3813, 84.7065),
(21, 'VIP Bike Garage', '', 19130, 0, 0, 0, 1, 0, -1, 1, 1, 0, 0, 1754.34, -1594.77, 13.537, 79.0899, 0, 0, 1753.36, -1587.71, 13.3052, 357.622),
(22, 'Pengadilan San Andreas', '', 19130, 0, 0, 0, 0, 0, -1, 0, 1, 0, 0, 1411.69, -1699.7, 13.5395, 56.7037, 0, 1, 1356.01, 717.951, -15.7573, 260.304),
(23, 'Willowfield Gym', '', 19130, 54, 0, 0, 0, 0, -1, 0, 0, 0, 0, 2493.03, -1958.55, 13.5827, 3.07504, 0, 6, 774.372, -50.2732, 1000.59, 2.59314),
(24, 'SAN TOWER', '', 19130, 0, 0, 1, 0, 0, -1, 0, 1, 0, 0, 1415.48, -1300.22, 13.5449, 0.765661, 0, 0, 1548.83, -1363.87, 326.218, 12.036),
(25, 'Newbie School [ OOZ ZONE ]', '', 19130, 36, 1, 0, 0, 0, -1, 0, 0, 0, 0, 1286.6, -1329.32, 13.554, 262.649, 0, 1, 2177.65, -1010.05, 1021.69, 178.971),
(26, 'Production (Perbaikan)', '', 19130, 0, 1, 0, 0, 0, -1, 0, 0, 0, 0, 694.907, -500.133, 16.3359, 178.709, 0, 1, 770.935, -1108, -43.26, 179.937),
(27, 'San Fierro Police Department', '', 19130, 0, 0, 0, 0, 0, -1, 0, 0, 0, 0, -1605.76, 710.886, 13.8672, 179.148, 1, 10, 246.593, 107.298, 1003.22, 2.36836),
(28, 'San Fierro Police Department ( Garage )', '', 19130, 0, 0, 0, 0, 1, -1, 0, 0, 0, 0, -1606.13, 672.063, -4.90625, 167.803, 1, 10, 227.231, 117.499, 999.029, 265.716),
(29, 'Police Departement [ Dillimore ]', '', 19130, 30, 0, 0, 0, 0, -1, 0, 0, 0, 0, 626.965, -571.794, 17.9207, 89.5109, 29, 29, -1464.99, 2609.88, 19.631, 178.087),
(30, 'Rooftop', '', 19130, 0, 0, 0, 0, 0, -1, 0, 0, 0, 0, 621.289, -568.999, 26.1432, 179.897, 29, 29, -1479.84, 2605.28, 19.781, 187.487),
(31, 'Parkiran', '', 19130, 0, 0, 0, 0, 0, -1, 0, 0, 0, 0, 611.09, -583.501, 18.2109, 181.44, 29, 29, -1475.76, 2593.04, 15.9518, 184.353),
(35, 'Department of Motor Vehicles', '', 19130, 0, 0, 0, 0, 0, -1, 0, 1, 0, 0, 2062.83, -1897.38, 13.5538, 187.697, 5, 5, -2572.28, -1376.14, 1500.76, 83.6231),
(36, 'Las Venturas Schematic Factory', '', 19130, 0, 0, 0, 0, 0, -1, 0, 0, 0, 0, 1590.81, 688.192, 10.8203, 89.1129, 0, 0, 1062.31, 2077.53, 10.8203, 357.764),
(37, 'Palomino Bank', '', 19130, 0, 0, 0, 0, 0, -1, 0, 1, 0, 0, 2303.82, -16.1489, 26.4844, 271.276, 0, 1, -1156.25, -1018.12, 3001.09, 93.0091),
(38, 'Insurance Center', '', 19130, 0, 0, 0, 0, 0, -1, 0, 0, 0, 0, 1333.02, -1266.15, 13.5469, 90.4743, 0, 0, 1285.88, -1270.08, 13.5939, 8.86195),
(39, 'Lantai 2', '', 19130, 0, 0, 0, 0, 0, -1, 0, 0, 0, 0, 1287.24, -1262.04, 13.5939, 358.209, 0, 0, 1287.43, -1261.74, 20.6199, 182.932),
(32, 'BlackMarket', '', 19130, 0, 0, 0, 0, 0, -1, 0, 0, 0, 0, -939.483, 1425.28, 30.434, 83.737, 666, 6, 296.907, -112.07, 1001.52, 345.349),
(18, 'Balai Desa', '', 19130, 0, 0, 0, 0, 0, -1, 0, 1, 0, 0, 2246.42, -61.8975, 27.242, 90.138, 0, 1, -1164.19, -190.287, 721.199, 267.13);

-- --------------------------------------------------------

--
-- Table structure for table `familys`
--

CREATE TABLE `familys` (
  `ID` int(11) NOT NULL,
  `name` varchar(50) NOT NULL DEFAULT 'None',
  `leader` varchar(50) NOT NULL DEFAULT 'None',
  `motd` varchar(100) NOT NULL DEFAULT 'None',
  `color` int(11) DEFAULT 0,
  `extposx` float DEFAULT 0,
  `extposy` float DEFAULT 0,
  `extposz` float DEFAULT 0,
  `extposa` float DEFAULT 0,
  `intposx` float DEFAULT 0,
  `intposy` float DEFAULT 0,
  `intposz` float DEFAULT 0,
  `intposa` float DEFAULT 0,
  `fint` int(11) NOT NULL DEFAULT 0,
  `Weapon1` int(11) NOT NULL DEFAULT 0,
  `Ammo1` int(11) NOT NULL DEFAULT 0,
  `Weapon2` int(11) NOT NULL DEFAULT 0,
  `Ammo2` int(11) NOT NULL DEFAULT 0,
  `Weapon3` int(11) NOT NULL DEFAULT 0,
  `Ammo3` int(11) NOT NULL DEFAULT 0,
  `Weapon4` int(11) NOT NULL DEFAULT 0,
  `Ammo4` int(11) NOT NULL DEFAULT 0,
  `Weapon5` int(11) NOT NULL DEFAULT 0,
  `Ammo5` int(11) NOT NULL DEFAULT 0,
  `Weapon6` int(11) NOT NULL DEFAULT 0,
  `Ammo6` int(11) NOT NULL DEFAULT 0,
  `Weapon7` int(11) NOT NULL DEFAULT 0,
  `Ammo7` int(11) NOT NULL DEFAULT 0,
  `Weapon8` int(11) NOT NULL DEFAULT 0,
  `Ammo8` int(11) NOT NULL DEFAULT 0,
  `Weapon9` int(11) NOT NULL DEFAULT 0,
  `Ammo9` int(11) NOT NULL DEFAULT 0,
  `Weapon10` int(11) NOT NULL DEFAULT 0,
  `Ammo10` int(11) NOT NULL DEFAULT 0,
  `safex` float DEFAULT 0,
  `safey` float DEFAULT 0,
  `safez` float DEFAULT 0,
  `money` int(11) NOT NULL DEFAULT 0,
  `marijuana` int(11) NOT NULL DEFAULT 0,
  `component` int(11) NOT NULL DEFAULT 0,
  `material` int(11) NOT NULL DEFAULT 0,
  `Weapon11` int(11) NOT NULL DEFAULT 0,
  `Ammo11` int(11) NOT NULL DEFAULT 0,
  `Weapon12` int(11) NOT NULL DEFAULT 0,
  `Ammo12` int(11) NOT NULL DEFAULT 0,
  `Weapon13` int(11) NOT NULL DEFAULT 0,
  `Ammo13` int(11) NOT NULL DEFAULT 0,
  `Weapon14` int(11) NOT NULL DEFAULT 0,
  `Ammo14` int(11) NOT NULL DEFAULT 0,
  `Weapon15` int(11) NOT NULL DEFAULT 0,
  `Ammo15` int(11) NOT NULL DEFAULT 0
) ENGINE=MyISAM DEFAULT CHARSET=latin1;

--
-- Dumping data for table `familys`
--

INSERT INTO `familys` (`ID`, `name`, `leader`, `motd`, `color`, `extposx`, `extposy`, `extposz`, `extposa`, `intposx`, `intposy`, `intposz`, `intposa`, `fint`, `Weapon1`, `Ammo1`, `Weapon2`, `Ammo2`, `Weapon3`, `Ammo3`, `Weapon4`, `Ammo4`, `Weapon5`, `Ammo5`, `Weapon6`, `Ammo6`, `Weapon7`, `Ammo7`, `Weapon8`, `Ammo8`, `Weapon9`, `Ammo9`, `Weapon10`, `Ammo10`, `safex`, `safey`, `safez`, `money`, `marijuana`, `component`, `material`, `Weapon11`, `Ammo11`, `Weapon12`, `Ammo12`, `Weapon13`, `Ammo13`, `Weapon14`, `Ammo14`, `Weapon15`, `Ammo15`) VALUES
(0, 'CapellaFamilys', 'Clairo_Stevano', 'None', 0, 0, 0, 0, 0, 0, 0, 0, 0, 0, 0, 0, 0, 0, 0, 0, 0, 0, 0, 0, 0, 0, 0, 0, 0, 0, 0, 0, 0, 0, -760.373, 1637.44, 27.5172, 0, 0, 0, 0, 0, 0, 0, 0, 0, 0, 0, 0, 0, 0),
(0, 'CapellaFamilys', 'Clairo_Stevano', 'None', 0, 0, 0, 0, 0, 0, 0, 0, 0, 0, 0, 0, 0, 0, 0, 0, 0, 0, 0, 0, 0, 0, 0, 0, 0, 0, 0, 0, 0, 0, -760.373, 1637.44, 27.5172, 0, 0, 0, 0, 0, 0, 0, 0, 0, 0, 0, 0, 0, 0);

-- --------------------------------------------------------

--
-- Table structure for table `gates`
--

CREATE TABLE `gates` (
  `ID` int(11) NOT NULL,
  `model` int(11) NOT NULL DEFAULT 0,
  `password` varchar(36) NOT NULL DEFAULT '',
  `admin` tinyint(4) NOT NULL DEFAULT 0,
  `vip` tinyint(4) NOT NULL DEFAULT 0,
  `faction` tinyint(4) NOT NULL DEFAULT 0,
  `family` int(11) NOT NULL DEFAULT -1,
  `speed` float NOT NULL DEFAULT 2,
  `cX` float NOT NULL,
  `cY` float NOT NULL,
  `cZ` float NOT NULL,
  `cRX` float NOT NULL,
  `cRY` float NOT NULL,
  `cRZ` float NOT NULL,
  `oX` float NOT NULL,
  `oY` float NOT NULL,
  `oZ` float NOT NULL,
  `oRX` float NOT NULL,
  `oRY` float NOT NULL,
  `oRZ` float NOT NULL
) ENGINE=MyISAM DEFAULT CHARSET=latin1;

--
-- Dumping data for table `gates`
--

INSERT INTO `gates` (`ID`, `model`, `password`, `admin`, `vip`, `faction`, `family`, `speed`, `cX`, `cY`, `cZ`, `cRX`, `cRY`, `cRZ`, `oX`, `oY`, `oZ`, `oRX`, `oRY`, `oRZ`) VALUES
(0, 980, '', 0, 0, 1, -1, 2, 1539.41, -1627.56, 15.0128, 0, 0, 90.2, 1539.41, -1627.56, 9.51278, 0, 0, 90.2),
(1, 986, '', 0, 0, 4, -1, 2, 777.918, -1385.11, 13.6232, 0, 0, 0, 769.928, -1385.11, 13.6232, 0, 0, 0),
(2, 986, '', 0, 0, 3, -1, 2, 1147.43, -1290.87, 13.6388, 0, 0, 1.1, 1153.97, -1290.74, 13.6388, 0, 0, 1.1),
(3, 968, '', 0, 0, 0, -1, 2, 907.214, -1681.77, 13.5469, 0, 89.3, 88.3, 907.214, -1681.77, 13.5469, 0, -0.200005, 88.3),
(4, 968, '', 0, 0, 0, -1, 2, -1701.43, 687.603, 24.7006, -2.4, -90.6, 90, -1701.43, 687.603, 24.7006, 0, 0, 91.6),
(5, 968, '', 0, 0, 0, -1, 2, 907.235, -1654.92, 13.5469, 0, -90.5, 92.8, 907.235, -1654.92, 13.5469, 0, 0, 92.8),
(7, 986, '', 0, 0, 1, -1, 2, 1588.66, -1637.79, 13.3828, 0, 0, 179.7, 1596.41, -1637.83, 13.3828, 0, 0, 179.7),
(6, 19859, '', 0, 0, 1, -1, 2, 1539.68, -1620.17, 13.6946, 0, 0, 87.6, 1539.74, -1621.51, 13.6946, 0, 0, 87.6),
(8, 1498, '', 0, 0, 0, -1, 2, 1556.47, -1684.54, 6.21875, 0, 0, 0, 1556.47, -1684.54, 6.21875, 0, 0, 0);

-- --------------------------------------------------------

--
-- Table structure for table `gstations`
--

CREATE TABLE `gstations` (
  `id` int(11) NOT NULL DEFAULT 0,
  `stock` int(11) NOT NULL DEFAULT 10000,
  `posx` float DEFAULT 0,
  `posy` float DEFAULT 0,
  `posz` float DEFAULT 0
) ENGINE=MyISAM DEFAULT CHARSET=latin1;

--
-- Dumping data for table `gstations`
--

INSERT INTO `gstations` (`id`, `stock`, `posx`, `posy`, `posz`) VALUES
(0, 44490, 1944.41, -1772.95, 13.3906),
(2, 49940, -92.051, -1170.65, 2.40334),
(3, 12930, 1004.45, -939.424, 42.1797),
(4, 65800, 652.534, -564.914, 16.3359),
(5, 99940, -2406.81, 975.719, 45.2969),
(6, 9840, -2243.63, -2560.31, 31.9219),
(1, 8270, -1605.74, -2714.33, 48.5335);

-- --------------------------------------------------------

--
-- Table structure for table `houses`
--

CREATE TABLE `houses` (
  `ID` int(11) NOT NULL,
  `owner` varchar(50) NOT NULL DEFAULT '-',
  `ownerid` int(11) NOT NULL,
  `address` varchar(50) DEFAULT 'None',
  `price` int(11) NOT NULL DEFAULT 500000,
  `type` int(11) NOT NULL DEFAULT 1,
  `locked` int(11) NOT NULL DEFAULT 1,
  `money` int(11) NOT NULL DEFAULT 0,
  `redmoney` int(11) NOT NULL DEFAULT 0,
  `houseint` int(11) NOT NULL DEFAULT 0,
  `extposx` float NOT NULL DEFAULT 0,
  `extposy` float NOT NULL DEFAULT 0,
  `extposz` float NOT NULL DEFAULT 0,
  `extposa` float NOT NULL DEFAULT 0,
  `intposx` float NOT NULL DEFAULT 0,
  `intposy` float NOT NULL DEFAULT 0,
  `intposz` float NOT NULL DEFAULT 0,
  `intposa` float NOT NULL DEFAULT 0,
  `visit` bigint(20) DEFAULT 0,
  `snack` int(11) NOT NULL DEFAULT 0,
  `sprunk` int(11) NOT NULL DEFAULT 0,
  `medicine` int(11) NOT NULL DEFAULT 0,
  `medkit` int(11) NOT NULL DEFAULT 0,
  `bandage` int(11) NOT NULL DEFAULT 0,
  `seed` int(11) NOT NULL DEFAULT 0,
  `material` int(11) NOT NULL DEFAULT 0,
  `marijuana` int(11) NOT NULL DEFAULT 0,
  `component` int(11) NOT NULL DEFAULT 0,
  `houseWeapon1` int(11) DEFAULT 0,
  `houseAmmo1` int(11) DEFAULT 0,
  `houseWeapon2` int(11) DEFAULT 0,
  `houseAmmo2` int(11) DEFAULT 0,
  `houseWeapon3` int(11) DEFAULT 0,
  `houseAmmo3` int(11) DEFAULT 0,
  `houseWeapon4` int(11) DEFAULT 0,
  `houseAmmo4` int(11) DEFAULT 0,
  `houseWeapon5` int(11) DEFAULT 0,
  `houseAmmo5` int(11) DEFAULT 0,
  `houseWeapon6` int(11) DEFAULT 0,
  `houseAmmo6` int(11) DEFAULT 0,
  `houseWeapon7` int(11) DEFAULT 0,
  `houseAmmo7` int(11) DEFAULT 0,
  `houseWeapon8` int(11) DEFAULT 0,
  `houseAmmo8` int(11) DEFAULT 0,
  `houseWeapon9` int(11) DEFAULT 0,
  `houseAmmo9` int(11) DEFAULT 0,
  `houseWeapon10` int(11) DEFAULT 0,
  `houseAmmo10` int(11) DEFAULT 0,
  `crack` int(11) NOT NULL DEFAULT 0
) ENGINE=MyISAM DEFAULT CHARSET=latin1;

--
-- Dumping data for table `houses`
--

INSERT INTO `houses` (`ID`, `owner`, `ownerid`, `address`, `price`, `type`, `locked`, `money`, `redmoney`, `houseint`, `extposx`, `extposy`, `extposz`, `extposa`, `intposx`, `intposy`, `intposz`, `intposa`, `visit`, `snack`, `sprunk`, `medicine`, `medkit`, `bandage`, `seed`, `material`, `marijuana`, `component`, `houseWeapon1`, `houseAmmo1`, `houseWeapon2`, `houseAmmo2`, `houseWeapon3`, `houseAmmo3`, `houseWeapon4`, `houseAmmo4`, `houseWeapon5`, `houseAmmo5`, `houseWeapon6`, `houseAmmo6`, `houseWeapon7`, `houseAmmo7`, `houseWeapon8`, `houseAmmo8`, `houseWeapon9`, `houseAmmo9`, `houseWeapon10`, `houseAmmo10`, `crack`) VALUES
(0, 'Clairo_Stevano', 2, 'Verdant Bluffs', 999999, 3, 0, 0, 0, 1, 995.274, -2115.25, 17.3381, 161.607, -407.29, -2086.18, 1501.1, 1.5718, 0, 0, 0, 0, 0, 0, 0, 0, 0, 0, 0, 0, 0, 0, 0, 0, 0, 0, 0, 0, 0, 0, 0, 0, 0, 0, 0, 0, 0, 0, 0),
(1, 'Asep_Sumadi', 6, 'Idlewood', 25000, 2, 0, 0, 0, 1, 2165.96, -1671.17, 15.0787, 41.1906, 2180.81, -567.402, 1502.01, 179.241, 0, 0, 0, 0, 0, 0, 0, 0, 0, 0, 0, 0, 0, 0, 0, 0, 0, 0, 0, 0, 0, 0, 0, 0, 0, 0, 0, 0, 0, 0, 0),
(2, 'Clairo_Stevano', 2, 'Tierra Robada', 300000, 3, 0, 100000, 30000, 1, -757.419, 1638.03, 28.3031, 340.236, -407.29, -2086.18, 1501.1, 1.5718, 1653572844, 0, 0, 0, 0, 0, 0, 450, 0, 450, 15, 1, 24, 181, 25, 100, 7, 1, 1, 1, 0, 0, 0, 0, 0, 0, 0, 0, 0, 0, 0),
(3, '-', 0, 'Mulholland', 25000, 2, 1, 0, 0, 1, 989.762, -828.675, 95.4686, 209.824, -1498.78, -1824.89, 1501.1, 95.5258, 0, 0, 0, 0, 0, 0, 0, 0, 0, 0, 0, 0, 0, 0, 0, 0, 0, 0, 0, 0, 0, 0, 0, 0, 0, 0, 0, 0, 0, 0, 0),
(4, '-', 0, 'Mulholland', 15000, 1, 1, 0, 0, 1, 937.586, -848.105, 93.6785, 209.454, -2169.94, -2135.54, 1501.1, 355.066, 0, 0, 0, 0, 0, 0, 0, 0, 0, 0, 0, 0, 0, 0, 0, 0, 0, 0, 0, 0, 0, 0, 0, 0, 0, 0, 0, 0, 0, 0, 0),
(5, '-', 0, 'Mulholland', 15000, 1, 1, 0, 0, 1, 923.873, -853.309, 93.4565, 132.979, -2169.94, -2135.54, 1501.1, 355.066, 0, 0, 0, 0, 0, 0, 0, 0, 0, 0, 0, 0, 0, 0, 0, 0, 0, 0, 0, 0, 0, 0, 0, 0, 0, 0, 0, 0, 0, 0, 0),
(6, '-', 0, 'Mulholland', 25000, 2, 1, 0, 0, 1, 910.561, -817.441, 103.126, 196.356, 2180.81, -567.402, 1502.01, 179.241, 0, 0, 0, 0, 0, 0, 0, 0, 0, 0, 0, 0, 0, 0, 0, 0, 0, 0, 0, 0, 0, 0, 0, 0, 0, 0, 0, 0, 0, 0, 0),
(7, '-', 0, 'Mulholland', 25000, 2, 1, 0, 0, 1, 852.105, -831.707, 89.5017, 186.044, -1412.72, -232.986, 1501.02, 4.4778, 0, 0, 0, 0, 0, 0, 0, 0, 0, 0, 0, 0, 0, 0, 0, 0, 0, 0, 0, 0, 0, 0, 0, 0, 0, 0, 0, 0, 0, 0, 0),
(8, '-', 0, 'Mulholland', 25000, 2, 1, 0, 0, 1, 827.732, -858.02, 70.3308, 14.9414, 2180.81, -567.402, 1502.01, 179.241, 0, 0, 0, 0, 0, 0, 0, 0, 0, 0, 0, 0, 0, 0, 0, 0, 0, 0, 0, 0, 0, 0, 0, 0, 0, 0, 0, 0, 0, 0, 0),
(9, '-', 0, 'Mulholland', 35000, 3, 1, 0, 0, 1, 836.004, -894.892, 68.7734, 139.856, -407.29, -2086.18, 1501.1, 1.5718, 0, 0, 0, 0, 0, 0, 0, 0, 0, 0, 0, 0, 0, 0, 0, 0, 0, 0, 0, 0, 0, 0, 0, 0, 0, 0, 0, 0, 0, 0, 0),
(10, '-', 0, 'Mulholland', 45000, 2, 1, 0, 0, 1, 786.026, -828.572, 70.2896, 186.325, 2195.61, -738.623, 1502, 90.5592, 0, 0, 0, 0, 0, 0, 0, 0, 0, 0, 0, 0, 0, 0, 0, 0, 0, 0, 0, 0, 0, 0, 0, 0, 0, 0, 0, 0, 0, 0, 0),
(11, '-', 0, 'Mulholland', 25000, 2, 1, 0, 0, 1, 808.254, -759.334, 76.5314, 75.9601, 2180.81, -567.402, 1502.01, 179.241, 0, 0, 0, 0, 0, 0, 0, 0, 0, 0, 0, 0, 0, 0, 0, 0, 0, 0, 0, 0, 0, 0, 0, 0, 0, 0, 0, 0, 0, 0, 0),
(12, '-', 0, 'Mulholland', 25000, 2, 1, 0, 0, 1, 848.094, -745.62, 94.9693, 107.001, 2195.61, -738.623, 1502, 90.5592, 0, 0, 0, 0, 0, 0, 0, 0, 0, 0, 0, 0, 0, 0, 0, 0, 0, 0, 0, 0, 0, 0, 0, 0, 0, 0, 0, 0, 0, 0, 0),
(13, '-', 0, 'Mulholland', 45000, 2, 1, 0, 0, 1, 867.655, -717.657, 105.68, 161.744, -1498.78, -1824.89, 1501.1, 95.5258, 0, 0, 0, 0, 0, 0, 0, 0, 0, 0, 0, 0, 0, 0, 0, 0, 0, 0, 0, 0, 0, 0, 0, 0, 0, 0, 0, 0, 0, 0, 0),
(14, '-', 0, 'Red County', 45000, 2, 1, 0, 0, 1, 897.967, -677.06, 116.89, 50.4794, -1412.72, -232.986, 1501.02, 4.4778, 0, 0, 0, 0, 0, 0, 0, 0, 0, 0, 0, 0, 0, 0, 0, 0, 0, 0, 0, 0, 0, 0, 0, 0, 0, 0, 0, 0, 0, 0, 0),
(15, '-', 0, 'Red County', 15000, 1, 1, 0, 0, 1, 946.358, -710.668, 122.62, 216.408, -1562.02, -253.188, 1501.02, 99.1287, 0, 0, 0, 0, 0, 0, 0, 0, 0, 0, 0, 0, 0, 0, 0, 0, 0, 0, 0, 0, 0, 0, 0, 0, 0, 0, 0, 0, 0, 0, 0),
(16, '-', 0, 'Red County', 30000, 3, 1, 0, 0, 1, 980.535, -677.232, 121.976, 199.07, -1036.63, -2205.94, 1501.09, 358.705, 0, 0, 0, 0, 0, 0, 0, 0, 0, 0, 0, 0, 0, 0, 0, 0, 0, 0, 0, 0, 0, 0, 0, 0, 0, 0, 0, 0, 0, 0, 0),
(17, '-', 0, 'Red County', 30000, 3, 1, 0, 0, 1, 231.234, -647.91, 120.117, 264.776, -407.29, -2086.18, 1501.1, 1.5718, 0, 0, 0, 0, 0, 0, 0, 0, 0, 0, 0, 0, 0, 0, 0, 0, 0, 0, 0, 0, 0, 0, 0, 0, 0, 0, 0, 0, 0, 0, 0),
(18, '-', 0, 'Red County', 30000, 3, 1, 0, 0, 1, 1045.37, -642.902, 120.117, 192.629, -407.29, -2086.18, 1501.1, 1.5718, 0, 0, 0, 0, 0, 0, 0, 0, 0, 0, 0, 0, 0, 0, 0, 0, 0, 0, 0, 0, 0, 0, 0, 0, 0, 0, 0, 0, 0, 0, 0),
(19, '-', 0, 'Mulholland', 30000, 3, 1, 0, 0, 1, 1332.11, -633.496, 109.135, 209.032, -407.29, -2086.18, 1501.1, 1.5718, 0, 0, 0, 0, 0, 0, 0, 0, 0, 0, 0, 0, 0, 0, 0, 0, 0, 0, 0, 0, 0, 0, 0, 0, 0, 0, 0, 0, 0, 0, 0),
(20, '-', 0, 'Mulholland', 25000, 2, 1, 0, 0, 1, 1442.71, -628.837, 95.7186, 350.088, -1498.78, -1824.89, 1501.1, 95.5258, 0, 0, 0, 0, 0, 0, 0, 0, 0, 0, 0, 0, 0, 0, 0, 0, 0, 0, 0, 0, 0, 0, 0, 0, 0, 0, 0, 0, 0, 0, 0),
(21, 'Lixans_Washington', 11, 'Mulholland', 40000, 3, 1, 0, 0, 1, 1497.04, -687.892, 95.5633, 357.676, -407.29, -2086.18, 1501.1, 1.5718, 1658312770, 0, 0, 0, 0, 0, 0, 0, 0, 0, 0, 0, 0, 0, 0, 0, 0, 0, 0, 0, 0, 0, 0, 0, 0, 0, 0, 0, 0, 0, 0),
(22, '-', 0, 'Mulholland Intersection', 40000, 2, 1, 0, 0, 1, 1527.81, -772.57, 80.5781, 308.766, 2195.61, -738.623, 1502, 90.5592, 0, 0, 0, 0, 0, 0, 0, 0, 0, 0, 0, 0, 0, 0, 0, 0, 0, 0, 0, 0, 0, 0, 0, 0, 0, 0, 0, 0, 0, 0, 0),
(23, '-', 0, 'Mulholland Intersection', 25000, 2, 1, 0, 0, 1, 1535.03, -800.23, 72.8495, 262.223, -1498.78, -1824.89, 1501.1, 95.5258, 0, 0, 0, 0, 0, 0, 0, 0, 0, 0, 0, 0, 0, 0, 0, 0, 0, 0, 0, 0, 0, 0, 0, 0, 0, 0, 0, 0, 0, 0, 0),
(24, '-', 0, 'Mulholland Intersection', 25000, 2, 1, 0, 0, 1, 1540.47, -851.425, 64.3361, 272.361, -1412.72, -232.986, 1501.02, 4.4778, 0, 0, 0, 0, 0, 0, 0, 0, 0, 0, 0, 0, 0, 0, 0, 0, 0, 0, 0, 0, 0, 0, 0, 0, 0, 0, 0, 0, 0, 0, 0),
(25, '-', 0, 'Mulholland Intersection', 25000, 2, 1, 0, 0, 1, 1535.71, -885.244, 57.6575, 167.217, -1412.72, -232.986, 1501.02, 4.4778, 0, 0, 0, 0, 0, 0, 0, 0, 0, 0, 0, 0, 0, 0, 0, 0, 0, 0, 0, 0, 0, 0, 0, 0, 0, 0, 0, 0, 0, 0, 0),
(26, '-', 0, 'Mulholland Intersection', 25000, 2, 1, 0, 0, 1, 1468.51, -906.184, 54.8359, 178.689, -1412.72, -232.986, 1501.02, 4.4778, 0, 0, 0, 0, 0, 0, 0, 0, 0, 0, 0, 0, 0, 0, 0, 0, 0, 0, 0, 0, 0, 0, 0, 0, 0, 0, 0, 0, 0, 0, 0),
(27, '-', 0, 'Mulholland', 25000, 2, 1, 0, 0, 1, 1421.93, -886.231, 50.6809, 177.452, -1498.78, -1824.89, 1501.1, 95.5258, 0, 0, 0, 0, 0, 0, 0, 0, 0, 0, 0, 0, 0, 0, 0, 0, 0, 0, 0, 0, 0, 0, 0, 0, 0, 0, 0, 0, 0, 0, 0),
(28, '-', 0, 'Mulholland', 40000, 3, 1, 0, 0, 1, 1410.84, -920.824, 38.4219, 339.487, -1036.63, -2205.94, 1501.09, 358.705, 0, 0, 0, 0, 0, 0, 0, 0, 0, 0, 0, 0, 0, 0, 0, 0, 0, 0, 0, 0, 0, 0, 0, 0, 0, 0, 0, 0, 0, 0, 0),
(29, '-', 0, 'Mulholland', 40000, 3, 1, 0, 0, 1, 1440.24, -926.081, 39.6406, 340.364, -1036.63, -2205.94, 1501.09, 358.705, 0, 0, 0, 0, 0, 0, 0, 0, 0, 0, 0, 0, 0, 0, 0, 0, 0, 0, 0, 0, 0, 0, 0, 0, 0, 0, 0, 0, 0, 0, 0),
(30, '-', 0, 'Temple', 35000, 3, 1, 0, 0, 1, 1241.95, -1076.28, 31.5547, 86.3404, -407.29, -2086.18, 1501.1, 1.5718, 0, 0, 0, 0, 0, 0, 0, 0, 0, 0, 0, 0, 0, 0, 0, 0, 0, 0, 0, 0, 0, 0, 0, 0, 0, 0, 0, 0, 0, 0, 0),
(31, '-', 0, 'Temple', 35000, 3, 1, 0, 0, 1, 1242.26, -1099.62, 27.9766, 76.2581, -1036.63, -2205.94, 1501.09, 358.705, 0, 0, 0, 0, 0, 0, 0, 0, 0, 0, 0, 0, 0, 0, 0, 0, 0, 0, 0, 0, 0, 0, 0, 0, 0, 0, 0, 0, 0, 0, 0),
(32, '-', 0, 'Temple', 35000, 3, 1, 0, 0, 1, 1285.26, -1090.33, 28.2578, 275.565, -1036.63, -2205.94, 1501.09, 358.705, 0, 0, 0, 0, 0, 0, 0, 0, 0, 0, 0, 0, 0, 0, 0, 0, 0, 0, 0, 0, 0, 0, 0, 0, 0, 0, 0, 0, 0, 0, 0),
(33, '-', 0, 'Temple', 35000, 3, 1, 0, 0, 1, 1285.25, -1067.06, 31.6719, 254.533, -407.29, -2086.18, 1501.1, 1.5718, 0, 0, 0, 0, 0, 0, 0, 0, 0, 0, 0, 0, 0, 0, 0, 0, 0, 0, 0, 0, 0, 0, 0, 0, 0, 0, 0, 0, 0, 0, 0),
(34, '-', 0, 'Temple', 35000, 3, 1, 0, 0, 1, 1325.95, -1067.43, 31.5547, 108.425, -407.29, -2086.18, 1501.1, 1.5718, 0, 0, 0, 0, 0, 0, 0, 0, 0, 0, 0, 0, 0, 0, 0, 0, 0, 0, 0, 0, 0, 0, 0, 0, 0, 0, 0, 0, 0, 0, 0),
(35, '-', 0, 'Temple', 35000, 3, 1, 0, 0, 1, 1326.26, -1090.48, 27.9766, 84.7878, -407.29, -2086.18, 1501.1, 1.5718, 0, 0, 0, 0, 0, 0, 0, 0, 0, 0, 0, 0, 0, 0, 0, 0, 0, 0, 0, 0, 0, 0, 0, 0, 0, 0, 0, 0, 0, 0, 0),
(36, '-', 0, 'Temple', 10000, 4, 1, 0, 0, 2, 1227.25, -1017.17, 32.6016, 138.516, 266.49, 305.02, 999.14, 272.65, 0, 0, 0, 0, 0, 0, 0, 0, 0, 0, 0, 0, 0, 0, 0, 0, 0, 0, 0, 0, 0, 0, 0, 0, 0, 0, 0, 0, 0, 0, 0),
(37, '-', 0, 'Temple', 10000, 4, 1, 0, 0, 2, 1226.44, -1010.99, 32.6016, 97.049, 266.49, 305.02, 999.14, 272.65, 0, 0, 0, 0, 0, 0, 0, 0, 0, 0, 0, 0, 0, 0, 0, 0, 0, 0, 0, 0, 0, 0, 0, 0, 0, 0, 0, 0, 0, 0, 0),
(38, '-', 0, 'Temple', 10000, 4, 1, 0, 0, 2, 1233.92, -1009.97, 32.6016, 274.819, 266.49, 305.02, 999.14, 272.65, 0, 0, 0, 0, 0, 0, 0, 0, 0, 0, 0, 0, 0, 0, 0, 0, 0, 0, 0, 0, 0, 0, 0, 0, 0, 0, 0, 0, 0, 0, 0),
(39, '-', 0, 'Temple', 10000, 4, 1, 0, 0, 2, 1234.74, -1016.21, 32.6016, 278.635, 266.49, 305.02, 999.14, 272.65, 0, 0, 0, 0, 0, 0, 0, 0, 0, 0, 0, 0, 0, 0, 0, 0, 0, 0, 0, 0, 0, 0, 0, 0, 0, 0, 0, 0, 0, 0, 0),
(40, '-', 0, 'Temple', 10000, 4, 1, 0, 0, 2, 1227.25, -1017.13, 36.3359, 65.4854, 266.49, 305.02, 999.14, 272.65, 0, 0, 0, 0, 0, 0, 0, 0, 0, 0, 0, 0, 0, 0, 0, 0, 0, 0, 0, 0, 0, 0, 0, 0, 0, 0, 0, 0, 0, 0, 0),
(41, '-', 0, 'Temple', 10000, 4, 1, 0, 0, 2, 1234.74, -1016.21, 36.3359, 287.171, 266.49, 305.02, 999.14, 272.65, 0, 0, 0, 0, 0, 0, 0, 0, 0, 0, 0, 0, 0, 0, 0, 0, 0, 0, 0, 0, 0, 0, 0, 0, 0, 0, 0, 0, 0, 0, 0),
(42, '-', 0, 'Temple', 10000, 4, 1, 0, 0, 2, 1233.92, -1009.94, 36.3359, 259.335, 266.49, 305.02, 999.14, 272.65, 0, 0, 0, 0, 0, 0, 0, 0, 0, 0, 0, 0, 0, 0, 0, 0, 0, 0, 0, 0, 0, 0, 0, 0, 0, 0, 0, 0, 0, 0, 0),
(43, '-', 0, 'Temple', 10000, 4, 1, 0, 0, 2, 1226.45, -1011.09, 36.3359, 82.8534, 266.49, 305.02, 999.14, 272.65, 0, 0, 0, 0, 0, 0, 0, 0, 0, 0, 0, 0, 0, 0, 0, 0, 0, 0, 0, 0, 0, 0, 0, 0, 0, 0, 0, 0, 0, 0, 0),
(44, '-', 0, 'Temple', 10000, 4, 1, 0, 0, 2, 1188.18, -1011.81, 32.5469, 105.469, 266.49, 305.02, 999.14, 272.65, 0, 0, 0, 0, 0, 0, 0, 0, 0, 0, 0, 0, 0, 0, 0, 0, 0, 0, 0, 0, 0, 0, 0, 0, 0, 0, 0, 0, 0, 0, 0),
(45, '-', 0, 'Temple', 10000, 4, 1, 0, 0, 2, 1195.68, -1010.87, 36.2344, 255.364, 266.49, 305.02, 999.14, 272.65, 0, 0, 0, 0, 0, 0, 0, 0, 0, 0, 0, 0, 0, 0, 0, 0, 0, 0, 0, 0, 0, 0, 0, 0, 0, 0, 0, 0, 0, 0, 0),
(46, '-', 0, 'Temple', 10000, 4, 1, 0, 0, 2, 1188.31, -1011.67, 36.2344, 80.3322, 266.49, 305.02, 999.14, 272.65, 0, 0, 0, 0, 0, 0, 0, 0, 0, 0, 0, 0, 0, 0, 0, 0, 0, 0, 0, 0, 0, 0, 0, 0, 0, 0, 0, 0, 0, 0, 0),
(47, '-', 0, 'Temple', 10000, 4, 1, 0, 0, 2, 1188.99, -1017.9, 36.2344, 102.815, 266.49, 305.02, 999.14, 272.65, 0, 0, 0, 0, 0, 0, 0, 0, 0, 0, 0, 0, 0, 0, 0, 0, 0, 0, 0, 0, 0, 0, 0, 0, 0, 0, 0, 0, 0, 0, 0),
(48, '-', 0, 'Temple', 10000, 4, 1, 0, 0, 2, 1196.5, -1017.17, 36.2344, 280.283, 266.49, 305.02, 999.14, 272.65, 0, 0, 0, 0, 0, 0, 0, 0, 0, 0, 0, 0, 0, 0, 0, 0, 0, 0, 0, 0, 0, 0, 0, 0, 0, 0, 0, 0, 0, 0, 0),
(49, '-', 0, 'Temple', 10000, 4, 1, 0, 0, 2, 1196.48, -1017.01, 32.5469, 320.291, 266.49, 305.02, 999.14, 272.65, 0, 0, 0, 0, 0, 0, 0, 0, 0, 0, 0, 0, 0, 0, 0, 0, 0, 0, 0, 0, 0, 0, 0, 0, 0, 0, 0, 0, 0, 0, 0),
(50, '-', 0, 'Temple', 10000, 4, 1, 0, 0, 2, 1189.02, -1018.1, 32.5469, 88.9323, 266.49, 305.02, 999.14, 272.65, 0, 0, 0, 0, 0, 0, 0, 0, 0, 0, 0, 0, 0, 0, 0, 0, 0, 0, 0, 0, 0, 0, 0, 0, 0, 0, 0, 0, 0, 0, 0),
(51, '-', 0, 'Temple', 10000, 4, 1, 0, 0, 2, 1195.53, -1010.88, 32.5502, 288.331, 266.49, 305.02, 999.14, 272.65, 0, 0, 0, 0, 0, 0, 0, 0, 0, 0, 0, 0, 0, 0, 0, 0, 0, 0, 0, 0, 0, 0, 0, 0, 0, 0, 0, 0, 0, 0, 0),
(52, '-', 0, 'Temple', 35000, 3, 1, 0, 0, 1, 1183.46, -1076.29, 31.6719, 272.203, -1036.63, -2205.94, 1501.09, 358.705, 0, 0, 0, 0, 0, 0, 0, 0, 0, 0, 0, 0, 0, 0, 0, 0, 0, 0, 0, 0, 0, 0, 0, 0, 0, 0, 0, 0, 0, 0, 0),
(53, '-', 0, 'Temple', 35000, 3, 1, 0, 0, 1, 1183.33, -1099.06, 28.2578, 285.873, -407.29, -2086.18, 1501.1, 1.5718, 0, 0, 0, 0, 0, 0, 0, 0, 0, 0, 0, 0, 0, 0, 0, 0, 0, 0, 0, 0, 0, 0, 0, 0, 0, 0, 0, 0, 0, 0, 0),
(54, '-', 0, 'Temple', 35000, 3, 1, 0, 0, 1, 1142.25, -1093, 28.1875, 71.6143, -1036.63, -2205.94, 1501.09, 358.705, 0, 0, 0, 0, 0, 0, 0, 0, 0, 0, 0, 0, 0, 0, 0, 0, 0, 0, 0, 0, 0, 0, 0, 0, 0, 0, 0, 0, 0, 0, 0),
(55, '-', 0, 'Temple', 35000, 3, 1, 0, 0, 1, 1141.81, -1069.74, 31.7656, 105.557, -1036.63, -2205.94, 1501.09, 358.705, 0, 0, 0, 0, 0, 0, 0, 0, 0, 0, 0, 0, 0, 0, 0, 0, 0, 0, 0, 0, 0, 0, 0, 0, 0, 0, 0, 0, 0, 0, 0),
(56, '-', 0, 'Temple', 35000, 3, 1, 0, 0, 1, 1103.4, -1092.5, 28.4688, 295.387, -407.29, -2086.18, 1501.1, 1.5718, 0, 0, 0, 0, 0, 0, 0, 0, 0, 0, 0, 0, 0, 0, 0, 0, 0, 0, 0, 0, 0, 0, 0, 0, 0, 0, 0, 0, 0, 0, 0),
(57, '-', 0, 'Temple', 35000, 3, 1, 0, 0, 1, 1103.39, -1069.41, 31.8828, 255.023, -407.29, -2086.18, 1501.1, 1.5718, 0, 0, 0, 0, 0, 0, 0, 0, 0, 0, 0, 0, 0, 0, 0, 0, 0, 0, 0, 0, 0, 0, 0, 0, 0, 0, 0, 0, 0, 0, 0),
(58, '-', 0, 'Temple', 40000, 3, 1, 0, 0, 1, 1068.42, -1081.41, 27.5314, 87.1339, -407.29, -2086.18, 1501.1, 1.5718, 0, 0, 0, 0, 0, 0, 0, 0, 0, 0, 0, 0, 0, 0, 0, 0, 0, 0, 0, 0, 0, 0, 0, 0, 0, 0, 0, 0, 0, 0, 0),
(59, '-', 0, 'Temple', 40000, 3, 1, 0, 0, 1, 1118.16, -1022.16, 34.9922, 4.82329, -407.29, -2086.18, 1501.1, 1.5718, 0, 0, 0, 0, 0, 0, 0, 0, 0, 0, 0, 0, 0, 0, 0, 0, 0, 0, 0, 0, 0, 0, 0, 0, 0, 0, 0, 0, 0, 0, 0),
(60, '-', 0, 'Temple', 40000, 3, 1, 0, 0, 1, 1128.19, -1021.17, 34.9922, 354.886, -1036.63, -2205.94, 1501.09, 358.705, 0, 0, 0, 0, 0, 0, 0, 0, 0, 0, 0, 0, 0, 0, 0, 0, 0, 0, 0, 0, 0, 0, 0, 0, 0, 0, 0, 0, 0, 0, 0),
(61, '-', 0, 'Rodeo', 15000, 1, 1, 0, 0, 1, 142.882, -1470.35, 24.7507, 326.521, -2169.94, -2135.54, 1501.1, 355.066, 0, 0, 0, 0, 0, 0, 0, 0, 0, 0, 0, 0, 0, 0, 0, 0, 0, 0, 0, 0, 0, 0, 0, 0, 0, 0, 0, 0, 0, 0, 0),
(62, '-', 0, 'Rodeo', 15000, 1, 1, 0, 0, 1, 161.524, -1455.86, 32.845, 37.7987, -2169.94, -2135.54, 1501.1, 355.066, 0, 0, 0, 0, 0, 0, 0, 0, 0, 0, 0, 0, 0, 0, 0, 0, 0, 0, 0, 0, 0, 0, 0, 0, 0, 0, 0, 0, 0, 0, 0),
(63, '-', 0, 'Rodeo', 25000, 2, 1, 0, 0, 1, 228.367, -1405.66, 51.1491, 237.149, 2195.61, -738.623, 1502, 90.5592, 0, 0, 0, 0, 0, 0, 0, 0, 0, 0, 0, 0, 0, 0, 0, 0, 0, 0, 0, 0, 0, 0, 0, 0, 0, 0, 0, 0, 0, 0, 0),
(64, '-', 0, 'Richman', 35000, 3, 1, 0, 0, 1, 254.344, -1367.08, 53.1094, 116.506, -407.29, -2086.18, 1501.1, 1.5718, 0, 0, 0, 0, 0, 0, 0, 0, 0, 0, 0, 0, 0, 0, 0, 0, 0, 0, 0, 0, 0, 0, 0, 0, 0, 0, 0, 0, 0, 0, 0),
(65, '-', 0, 'Richman', 35000, 3, 1, 0, 0, 1, 298.865, -1338.49, 53.4405, 220.962, -1036.63, -2205.94, 1501.09, 358.705, 0, 0, 0, 0, 0, 0, 0, 0, 0, 0, 0, 0, 0, 0, 0, 0, 0, 0, 0, 0, 0, 0, 0, 0, 0, 0, 0, 0, 0, 0, 0),
(66, '-', 0, 'Rodeo', 25000, 2, 1, 0, 0, 1, 345.156, -1298.22, 50.759, 95.2767, -1498.78, -1824.89, 1501.1, 95.5258, 0, 0, 0, 0, 0, 0, 0, 0, 0, 0, 0, 0, 0, 0, 0, 0, 0, 0, 0, 0, 0, 0, 0, 0, 0, 0, 0, 0, 0, 0, 0),
(67, '-', 0, 'Richman', 25000, 2, 1, 0, 0, 1, 355.209, -1281.12, 53.7036, 194.394, -675.012, -2166.27, 1501.1, 183.527, 0, 0, 0, 0, 0, 0, 0, 0, 0, 0, 0, 0, 0, 0, 0, 0, 0, 0, 0, 0, 0, 0, 0, 0, 0, 0, 0, 0, 0, 0, 0),
(68, '-', 0, 'Richman', 25000, 2, 1, 0, 0, 1, 398.136, -1271.38, 50.0198, 214.599, 2180.81, -567.402, 1502.01, 179.241, 0, 0, 0, 0, 0, 0, 0, 0, 0, 0, 0, 0, 0, 0, 0, 0, 0, 0, 0, 0, 0, 0, 0, 0, 0, 0, 0, 0, 0, 0, 0),
(69, '-', 0, 'Richman', 25000, 2, 1, 0, 0, 1, 432.189, -1253.9, 51.5809, 194.041, 2195.61, -738.623, 1502, 90.5592, 0, 0, 0, 0, 0, 0, 0, 0, 0, 0, 0, 0, 0, 0, 0, 0, 0, 0, 0, 0, 0, 0, 0, 0, 0, 0, 0, 0, 0, 0, 0),
(70, '-', 0, 'Richman', 40000, 3, 1, 0, 0, 1, 265.634, -1287.84, 74.6325, 20.4386, -1036.63, -2205.94, 1501.09, 358.705, 0, 0, 0, 0, 0, 0, 0, 0, 0, 0, 0, 0, 0, 0, 0, 0, 0, 0, 0, 0, 0, 0, 0, 0, 0, 0, 0, 0, 0, 0, 0),
(71, '-', 0, 'Richman', 40000, 3, 1, 0, 0, 1, 189.638, -1308.29, 70.2554, 96.3397, -1036.63, -2205.94, 1501.09, 358.705, 0, 0, 0, 0, 0, 0, 0, 0, 0, 0, 0, 0, 0, 0, 0, 0, 0, 0, 0, 0, 0, 0, 0, 0, 0, 0, 0, 0, 0, 0, 0),
(72, '-', 0, 'Richman', 40000, 3, 1, 0, 0, 1, 31.9485, -1249.82, 77.8754, 358.773, -1036.63, -2205.94, 1501.09, 358.705, 0, 0, 0, 0, 0, 0, 0, 0, 0, 0, 0, 0, 0, 0, 0, 0, 0, 0, 0, 0, 0, 0, 0, 0, 0, 0, 0, 0, 0, 0, 0),
(73, '-', 0, 'Richman', 40000, 3, 1, 0, 0, 1, 251.441, -1220.21, 76.1024, 32.7536, -1036.63, -2205.94, 1501.09, 358.705, 0, 0, 0, 0, 0, 0, 0, 0, 0, 0, 0, 0, 0, 0, 0, 0, 0, 0, 0, 0, 0, 0, 0, 0, 0, 0, 0, 0, 0, 0, 0),
(74, '-', 0, 'Richman', 40000, 3, 1, 0, 0, 1, 300.167, -1154.38, 81.3953, 313.135, -407.29, -2086.18, 1501.1, 1.5718, 0, 0, 0, 0, 0, 0, 0, 0, 0, 0, 0, 0, 0, 0, 0, 0, 0, 0, 0, 0, 0, 0, 0, 0, 0, 0, 0, 0, 0, 0, 0),
(75, '-', 0, 'Richman', 25000, 2, 1, 0, 0, 1, 352.379, -1197.95, 76.5156, 208.855, 2180.81, -567.402, 1502.01, 179.241, 0, 0, 0, 0, 0, 0, 0, 0, 0, 0, 0, 0, 0, 0, 0, 0, 0, 0, 0, 0, 0, 0, 0, 0, 0, 0, 0, 0, 0, 0, 0),
(76, '-', 0, 'Richman', 25000, 2, 1, 0, 0, 1, 416.741, -1154.1, 76.6876, 334.635, 2195.61, -738.623, 1502, 90.5592, 0, 0, 0, 0, 0, 0, 0, 0, 0, 0, 0, 0, 0, 0, 0, 0, 0, 0, 0, 0, 0, 0, 0, 0, 0, 0, 0, 0, 0, 0, 0),
(77, '-', 0, 'Richman', 25000, 2, 1, 0, 0, 1, 559.165, -1076.38, 72.922, 187.647, 2180.81, -567.402, 1502.01, 179.241, 0, 0, 0, 0, 0, 0, 0, 0, 0, 0, 0, 0, 0, 0, 0, 0, 0, 0, 0, 0, 0, 0, 0, 0, 0, 0, 0, 0, 0, 0, 0),
(78, '-', 0, 'Richman', 30000, 2, 1, 0, 0, 1, 497.416, -1095.07, 82.3592, 175.836, -1412.72, -232.986, 1501.02, 4.4778, 0, 0, 0, 0, 0, 0, 0, 0, 0, 0, 0, 0, 0, 0, 0, 0, 0, 0, 0, 0, 0, 0, 0, 0, 0, 0, 0, 0, 0, 0, 0),
(79, '-', 0, 'Mulholland', 40000, 3, 1, 0, 0, 1, 1093.86, -807.144, 107.427, 193.377, -1036.63, -2205.94, 1501.09, 358.705, 0, 0, 0, 0, 0, 0, 0, 0, 0, 0, 0, 0, 0, 0, 0, 0, 0, 0, 0, 0, 0, 0, 0, 0, 0, 0, 0, 0, 0, 0, 0),
(80, '-', 0, 'Mulholland', 50000, 3, 1, 0, 0, 1, 1298.42, -797.986, 84.1406, 1.73427, -407.29, -2086.18, 1501.1, 1.5718, 0, 0, 0, 0, 0, 0, 0, 0, 0, 0, 0, 0, 0, 0, 0, 0, 0, 0, 0, 0, 0, 0, 0, 0, 0, 0, 0, 0, 0, 0, 0),
(81, '-', 0, 'Palomino Creek', 25000, 2, 1, 0, 0, 1, 2367.43, -49.1273, 28.1535, 173.214, 2195.61, -738.623, 1502, 90.5592, 0, 0, 0, 0, 0, 0, 0, 0, 0, 0, 0, 0, 0, 0, 0, 0, 0, 0, 0, 0, 0, 0, 0, 0, 0, 0, 0, 0, 0, 0, 0),
(82, '-', 0, 'Palomino Creek', 25000, 2, 1, 0, 0, 1, 2392.46, -54.9605, 28.1536, 145.749, -675.012, -2166.27, 1501.1, 183.527, 0, 0, 0, 0, 0, 0, 0, 0, 0, 0, 0, 0, 0, 0, 0, 0, 0, 0, 0, 0, 0, 0, 0, 0, 0, 0, 0, 0, 0, 0, 0),
(83, '-', 0, 'Palomino Creek', 25000, 2, 1, 0, 0, 1, 2415.44, -52.2836, 28.1535, 167.034, -675.012, -2166.27, 1501.1, 183.527, 0, 0, 0, 0, 0, 0, 0, 0, 0, 0, 0, 0, 0, 0, 0, 0, 0, 0, 0, 0, 0, 0, 0, 0, 0, 0, 0, 0, 0, 0, 0),
(84, '-', 0, 'Palomino Creek', 25000, 2, 1, 0, 0, 1, 2438.91, -54.9624, 28.1535, 200.976, -1412.72, -232.986, 1501.02, 4.4778, 0, 0, 0, 0, 0, 0, 0, 0, 0, 0, 0, 0, 0, 0, 0, 0, 0, 0, 0, 0, 0, 0, 0, 0, 0, 0, 0, 0, 0, 0, 0),
(85, '-', 0, 'Palomino Creek', 25000, 2, 1, 0, 0, 1, 2484.35, -28.4033, 28.4416, 162.86, 2180.81, -567.402, 1502.01, 179.241, 0, 0, 0, 0, 0, 0, 0, 0, 0, 0, 0, 0, 0, 0, 0, 0, 0, 0, 0, 0, 0, 0, 0, 0, 0, 0, 0, 0, 0, 0, 0),
(86, '-', 0, 'Palomino Creek', 25000, 2, 1, 0, 0, 1, 2513.36, -28.4031, 28.4416, 167.48, 2195.61, -738.623, 1502, 90.5592, 0, 0, 0, 0, 0, 0, 0, 0, 0, 0, 0, 0, 0, 0, 0, 0, 0, 0, 0, 0, 0, 0, 0, 0, 0, 0, 0, 0, 0, 0, 0),
(87, '-', 0, 'Palomino Creek', 15000, 1, 1, 0, 0, 1, 2551.22, -5.43927, 27.6756, 257.609, -2169.94, -2135.54, 1501.1, 355.066, 0, 0, 0, 0, 0, 0, 0, 0, 0, 0, 0, 0, 0, 0, 0, 0, 0, 0, 0, 0, 0, 0, 0, 0, 0, 0, 0, 0, 0, 0, 0),
(88, '-', 0, 'Palomino Creek', 20000, 1, 1, 0, 0, 1, 2549.23, 25.0127, 27.6756, 263.894, -2169.94, -2135.54, 1501.1, 355.066, 0, 0, 0, 0, 0, 0, 0, 0, 0, 0, 0, 0, 0, 0, 0, 0, 0, 0, 0, 0, 0, 0, 0, 0, 0, 0, 0, 0, 0, 0, 0),
(89, '-', 0, 'Palomino Creek', 15000, 1, 1, 0, 0, 1, 2551.22, 57.2873, 27.6756, 271.835, -2169.94, -2135.54, 1501.1, 355.066, 0, 0, 0, 0, 0, 0, 0, 0, 0, 0, 0, 0, 0, 0, 0, 0, 0, 0, 0, 0, 0, 0, 0, 0, 0, 0, 0, 0, 0, 0, 0),
(90, '-', 0, 'Palomino Creek', 20000, 1, 1, 0, 0, 1, 2518.63, 58.3698, 27.6835, 83.2911, 2206.93, -402.681, 1502.01, 187.121, 0, 0, 0, 0, 0, 0, 0, 0, 0, 0, 0, 0, 0, 0, 0, 0, 0, 0, 0, 0, 0, 0, 0, 0, 0, 0, 0, 0, 0, 0, 0),
(91, '-', 0, 'Palomino Creek', 15000, 1, 1, 0, 0, 1, 2551.22, 91.7184, 27.6756, 288.426, 2206.93, -402.681, 1502.01, 187.121, 0, 0, 0, 0, 0, 0, 0, 0, 0, 0, 0, 0, 0, 0, 0, 0, 0, 0, 0, 0, 0, 0, 0, 0, 0, 0, 0, 0, 0, 0, 0),
(92, '-', 0, 'Palomino Creek', 15000, 1, 1, 0, 0, 1, 2514.12, 94.3949, 27.6835, 177.045, -1562.02, -253.188, 1501.02, 99.1287, 0, 0, 0, 0, 0, 0, 0, 0, 0, 0, 0, 0, 0, 0, 0, 0, 0, 0, 0, 0, 0, 0, 0, 0, 0, 0, 0, 0, 0, 0, 0),
(93, '-', 0, 'Palomino Creek', 15000, 1, 1, 0, 0, 1, 2536.21, 128.987, 27.6835, 13.5859, -2169.94, -2135.54, 1501.1, 355.066, 0, 0, 0, 0, 0, 0, 0, 0, 0, 0, 0, 0, 0, 0, 0, 0, 0, 0, 0, 0, 0, 0, 0, 0, 0, 0, 0, 0, 0, 0, 0),
(94, '-', 0, 'Palomino Creek', 15000, 1, 1, 0, 0, 1, 2518.38, 128.977, 27.6756, 21.996, -1562.02, -253.188, 1501.02, 99.1287, 0, 0, 0, 0, 0, 0, 0, 0, 0, 0, 0, 0, 0, 0, 0, 0, 0, 0, 0, 0, 0, 0, 0, 0, 0, 0, 0, 0, 0, 0, 0),
(95, '-', 0, 'Palomino Creek', 20000, 1, 1, 0, 0, 1, 2480.53, 126.995, 27.6756, 339.756, -2169.94, -2135.54, 1501.1, 355.066, 0, 0, 0, 0, 0, 0, 0, 0, 0, 0, 0, 0, 0, 0, 0, 0, 0, 0, 0, 0, 0, 0, 0, 0, 0, 0, 0, 0, 0, 0, 0),
(96, '-', 0, 'Palomino Creek', 15000, 1, 1, 0, 0, 1, 2458.89, 128.987, 27.6756, 334.457, -2169.94, -2135.54, 1501.1, 355.066, 0, 0, 0, 0, 0, 0, 0, 0, 0, 0, 0, 0, 0, 0, 0, 0, 0, 0, 0, 0, 0, 0, 0, 0, 0, 0, 0, 0, 0, 0, 0),
(97, '-', 0, 'Palomino Creek', 25000, 2, 1, 0, 0, 1, 2443.85, 92.1717, 28.4416, 76.361, -1412.72, -232.986, 1501.02, 4.4778, 0, 0, 0, 0, 0, 0, 0, 0, 0, 0, 0, 0, 0, 0, 0, 0, 0, 0, 0, 0, 0, 0, 0, 0, 0, 0, 0, 0, 0, 0, 0),
(98, '-', 0, 'Palomino Creek', 15000, 1, 1, 0, 0, 1, 2481.22, 64.4798, 27.6835, 271.461, -1562.02, -253.188, 1501.02, 99.1287, 0, 0, 0, 0, 0, 0, 0, 0, 0, 0, 0, 0, 0, 0, 0, 0, 0, 0, 0, 0, 0, 0, 0, 0, 0, 0, 0, 0, 0, 0, 0),
(99, '-', 0, 'Palomino Creek', 25000, 2, 1, 0, 0, 1, 2443.35, 61.7584, 28.4416, 35.9028, -675.012, -2166.27, 1501.1, 183.527, 0, 0, 0, 0, 0, 0, 0, 0, 0, 0, 0, 0, 0, 0, 0, 0, 0, 0, 0, 0, 0, 0, 0, 0, 0, 0, 0, 0, 0, 0, 0),
(100, '-', 0, 'Palomino Creek', 25000, 2, 1, 0, 0, 1, 2413.68, 61.7616, 28.4416, 341.388, -1498.78, -1824.89, 1501.1, 95.5258, 0, 0, 0, 0, 0, 0, 0, 0, 0, 0, 0, 0, 0, 0, 0, 0, 0, 0, 0, 0, 0, 0, 0, 0, 0, 0, 0, 0, 0, 0, 0),
(101, '-', 0, 'Palomino Creek', 25000, 2, 1, 0, 0, 1, 2374.2, 42.1876, 28.4416, 93.9712, -1498.78, -1824.89, 1501.1, 95.5258, 0, 0, 0, 0, 0, 0, 0, 0, 0, 0, 0, 0, 0, 0, 0, 0, 0, 0, 0, 0, 0, 0, 0, 0, 0, 0, 0, 0, 0, 0, 0),
(102, '-', 0, 'Palomino Creek', 25000, 2, 1, 0, 0, 1, 2373.85, 71.245, 28.4416, 82.8625, -1498.78, -1824.89, 1501.1, 95.5258, 0, 0, 0, 0, 0, 0, 0, 0, 0, 0, 0, 0, 0, 0, 0, 0, 0, 0, 0, 0, 0, 0, 0, 0, 0, 0, 0, 0, 0, 0, 0),
(103, '-', 0, 'Palomino Creek', 25000, 2, 1, 0, 0, 1, 2398.45, 111.763, 28.4416, 34.4743, 2195.61, -738.623, 1502, 90.5592, 0, 0, 0, 0, 0, 0, 0, 0, 0, 0, 0, 0, 0, 0, 0, 0, 0, 0, 0, 0, 0, 0, 0, 0, 0, 0, 0, 0, 0, 0, 0),
(104, '-', 0, 'Palomino Creek', 35000, 3, 1, 0, 0, 1, 2270.34, -7.57953, 28.1536, 2.7262, -407.29, -2086.18, 1501.1, 1.5718, 0, 0, 0, 0, 0, 0, 0, 0, 0, 0, 0, 0, 0, 0, 0, 0, 0, 0, 0, 0, 0, 0, 0, 0, 0, 0, 0, 0, 0, 0, 0),
(105, '-', 0, 'Palomino Creek', 25000, 2, 1, 0, 0, 1, 2245.54, -1.66294, 28.1536, 353.26, -675.012, -2166.27, 1501.1, 183.527, 0, 0, 0, 0, 0, 0, 0, 0, 0, 0, 0, 0, 0, 0, 0, 0, 0, 0, 0, 0, 0, 0, 0, 0, 0, 0, 0, 0, 0, 0, 0),
(106, '-', 0, 'Palomino Creek', 25000, 2, 1, 0, 0, 1, 2199.96, -37.3463, 28.1535, 85.7412, -675.012, -2166.27, 1501.1, 183.527, 0, 0, 0, 0, 0, 0, 0, 0, 0, 0, 0, 0, 0, 0, 0, 0, 0, 0, 0, 0, 0, 0, 0, 0, 0, 0, 0, 0, 0, 0, 0),
(107, '-', 0, 'Palomino Creek', 25000, 2, 1, 0, 0, 1, 2197.27, -60.7517, 28.1535, 104.826, 2195.61, -738.623, 1502, 90.5592, 0, 0, 0, 0, 0, 0, 0, 0, 0, 0, 0, 0, 0, 0, 0, 0, 0, 0, 0, 0, 0, 0, 0, 0, 0, 0, 0, 0, 0, 0, 0),
(108, '-', 0, 'Palomino Creek', 25000, 2, 1, 0, 0, 1, 2203.11, -89.1832, 28.1535, 106.782, -1412.72, -232.986, 1501.02, 4.4778, 0, 0, 0, 0, 0, 0, 0, 0, 0, 0, 0, 0, 0, 0, 0, 0, 0, 0, 0, 0, 0, 0, 0, 0, 0, 0, 0, 0, 0, 0, 0),
(109, '-', 0, 'Jefferson', 45000, 2, 1, 0, 0, 1, 2100.94, -1321.89, 25.9531, 160.761, -1412.72, -232.986, 1501.02, 4.4778, 0, 0, 0, 0, 0, 0, 0, 0, 0, 0, 0, 0, 0, 0, 0, 0, 0, 0, 0, 0, 0, 0, 0, 0, 0, 0, 0, 0, 0, 0, 0),
(110, '-', 0, 'Ganton', 50000, 3, 1, 0, 0, 1, 2413.94, -1646.79, 14.0119, 347.084, -407.29, -2086.18, 1501.1, 1.5718, 0, 0, 0, 0, 0, 0, 0, 0, 0, 0, 0, 0, 0, 0, 0, 0, 0, 0, 0, 0, 0, 0, 0, 0, 0, 0, 0, 0, 0, 0, 0),
(111, '-', 0, 'East Beach', 45000, 3, 1, 0, 0, 1, 2822.92, -1166.68, 25.4133, 70.4355, -407.29, -2086.18, 1501.1, 1.5718, 0, 0, 0, 0, 0, 0, 0, 0, 0, 0, 0, 0, 0, 0, 0, 0, 0, 0, 0, 0, 0, 0, 0, 0, 0, 0, 0, 0, 0, 0, 0),
(112, '-', 0, 'Tierra Robada', 40000, 3, 1, 0, 0, 1, -686.339, 966.203, 14.6981, 19.7104, -1036.63, -2205.94, 1501.09, 358.705, 0, 0, 0, 0, 0, 0, 0, 0, 0, 0, 0, 0, 0, 0, 0, 0, 0, 0, 0, 0, 0, 0, 0, 0, 0, 0, 0, 0, 0, 0, 0);

-- --------------------------------------------------------

--
-- Table structure for table `lockers`
--

CREATE TABLE `lockers` (
  `id` int(11) NOT NULL,
  `type` int(11) NOT NULL DEFAULT 0,
  `posx` float NOT NULL DEFAULT 0,
  `posy` float NOT NULL DEFAULT 0,
  `posz` float NOT NULL DEFAULT 0,
  `interior` int(11) NOT NULL DEFAULT 0
) ENGINE=MyISAM DEFAULT CHARSET=latin1;

--
-- Dumping data for table `lockers`
--

INSERT INTO `lockers` (`id`, `type`, `posx`, `posy`, `posz`, `interior`) VALUES
(4, 4, -172.482, 1314.94, 1500.99, 5),
(3, 2, -2055.47, 2709.41, 1500.98, 5),
(2, 1, 88.582, 1053.07, -48.9141, 5),
(1, 3, -1772.63, -1989.81, 1500.79, 5),
(0, 5, 1231.66, -1427.09, 13.5588, 0),
(5, 2, -2053.36, 2697.62, 1500.98, 5),
(6, 1, 115.002, 1061.11, -48.9141, 5);

-- --------------------------------------------------------

--
-- Table structure for table `loglogin`
--

CREATE TABLE `loglogin` (
  `no` int(11) NOT NULL,
  `username` varchar(40) NOT NULL DEFAULT 'None',
  `reg_id` int(11) NOT NULL DEFAULT 0,
  `password` varchar(40) NOT NULL DEFAULT 'None',
  `time` varchar(40) NOT NULL
) ENGINE=MyISAM DEFAULT CHARSET=latin1;

--
-- Dumping data for table `loglogin`
--

INSERT INTO `loglogin` (`no`, `username`, `reg_id`, `password`, `time`) VALUES
(1, 'Jhono', 0, 'Jancok123', '2022-05-17 11:51:07'),
(2, 'Jhono', 0, 'Jancok123', '2022-05-17 12:06:52'),
(3, 'Jhono', 0, 'Jancok123', '2022-05-17 12:18:06'),
(4, 'Vail', 1, 'ulum123', '2022-05-17 12:24:34'),
(5, 'Jhono', 0, 'Jancok123', '2022-05-17 12:26:02'),
(6, 'Vail', 1, 'ulum123', '2022-05-17 12:27:50'),
(7, 'clairo', 1, 'yopicoy123', '2022-05-17 12:37:08'),
(8, 'Jhono', 2, 'Jancok123', '2022-05-17 12:37:24'),
(9, 'Vail', 3, 'ulum123', '2022-05-17 12:39:23'),
(10, 'Andi', 0, 'andiaja', '2022-05-17 12:40:43'),
(11, 'clairo', 0, 'yopicoy123', '2022-05-17 12:43:51'),
(12, 'Jhono', 0, 'Jancok123', '2022-05-17 12:44:41'),
(13, 'clairo', 1, 'yopicoy123', '2022-05-17 12:44:50'),
(14, 'Jhono', 0, 'Jancok123', '2022-05-17 12:45:57'),
(15, 'Jhono', 1, 'Jancok123', '2022-05-17 12:49:30'),
(16, 'Vail', 0, 'ulum123', '2022-05-17 12:49:42'),
(17, 'Buyan', 2, 'buyan123', '2022-05-17 12:50:20'),
(18, 'ubed', 0, 'riotoejhen', '2022-05-17 12:51:01'),
(19, 'Vail', 1, 'ulum123', '2022-05-17 12:51:10'),
(20, 'Jhono', 4, 'Jancok123', '2022-05-17 12:51:33'),
(21, 'Buyan', 2, 'buyan123', '2022-05-17 12:54:26'),
(22, 'clairo', 1, 'yopicoy123', '2022-05-17 12:58:11'),
(23, 'clairo', 1, 'yopicoy123', '2022-05-17 13:00:06'),
(24, 'clairo', 0, 'yopicoy123', '2022-05-17 13:17:26'),
(25, 'Jhono', 0, 'Jancok123', '2022-05-17 13:30:46'),
(26, 'Jhono', 0, 'Jancok123', '2022-05-17 13:48:49'),
(27, 'Jhono', 0, 'Jancok123', '2022-05-17 17:06:30'),
(28, 'Jhono', 0, 'Jancok123', '2022-05-17 18:04:25'),
(29, 'Jhono', 0, 'Jancok123', '2022-05-17 18:07:34'),
(30, 'ubed', 1, 'riotoejhen', '2022-05-17 18:10:19'),
(31, 'Buyan', 2, 'buyan123', '2022-05-17 18:11:30'),
(32, 'Buyan', 3, 'buyan123', '2022-05-17 18:12:51'),
(33, 'Licht', 2, 'RikoGanz', '2022-05-17 18:14:59'),
(34, 'Licht', 2, 'RikoGanz', '2022-05-17 18:24:35'),
(35, 'ubed', 1, 'riotoejhen', '2022-05-17 18:31:24'),
(36, 'ubed', 1, 'riotoejhen', '2022-05-17 18:42:09'),
(37, 'Jhono', 0, 'Jancok123', '2022-05-17 18:45:17'),
(38, 'ubed', 1, 'riotoejhen', '2022-05-17 18:51:31'),
(39, 'ubed', 1, 'riotoejhen', '2022-05-17 18:58:57'),
(40, 'ubed', 1, 'riotoejhen', '2022-05-17 18:59:26'),
(41, 'ubed', 1, 'riotoejhen', '2022-05-17 19:00:25'),
(42, 'ubed', 1, 'riotoejhen', '2022-05-17 19:01:21'),
(43, 'ubed', 1, 'riotoejhen', '2022-05-17 19:02:10'),
(44, 'ubed', 1, 'riotoejhen', '2022-05-17 19:02:55'),
(45, 'ubed', 1, 'riotoejhen', '2022-05-17 19:03:29'),
(46, 'Buyan', 3, 'buyan123', '2022-05-17 19:08:41'),
(47, 'ubed', 1, 'riotoejhen', '2022-05-17 19:08:43'),
(48, 'ubed', 1, 'riotoejhen', '2022-05-17 19:09:25'),
(49, 'ubed', 1, 'riotoejhen', '2022-05-17 19:10:00'),
(50, 'ubed', 1, 'riotoejhen', '2022-05-17 19:11:03'),
(51, 'Licht', 1, 'RikoGanz', '2022-05-17 19:14:01'),
(52, 'ubed', 2, 'riotoejhen', '2022-05-17 19:15:11'),
(53, 'Jhono', 0, 'Jancok123', '2022-05-17 19:16:37'),
(54, 'ubed', 2, 'riotoejhen', '2022-05-17 19:17:02'),
(55, 'ubed', 2, 'riotoejhen', '2022-05-17 19:18:24'),
(56, 'Buyan', 3, 'buyan123', '2022-05-17 19:19:15'),
(57, 'ubed', 2, 'riotoejhen', '2022-05-17 19:19:37'),
(58, 'ubed', 2, 'riotoejhen', '2022-05-17 19:20:30'),
(59, 'ubed', 2, 'riotoejhen', '2022-05-17 19:21:52'),
(60, 'Licht', 1, 'RikoGanz', '2022-05-17 19:28:06'),
(61, 'ubed', 0, 'riotoejhen', '2022-05-17 19:40:32'),
(62, 'clairo', 0, 'yopicoy123', '2022-05-17 23:15:14'),
(63, 'Buyan', 1, 'buyan123', '2022-05-17 23:22:13'),
(64, 'Buyan', 1, 'buyan123', '2022-05-17 23:46:49'),
(65, 'Buyan', 0, 'buyan123', '2022-05-18 00:00:38'),
(66, 'clairo', 0, 'yopicoy123', '2022-05-24 05:23:54'),
(67, 'clairo', 0, 'yopicoy123', '2022-05-24 05:51:18'),
(68, 'clairo', 0, 'yopicoy123', '2022-05-24 06:49:39'),
(69, 'Clairo', 0, 'yopicoy123', '2022-05-24 07:05:22'),
(70, 'clairo', 0, 'yopicoy123', '2022-05-24 07:12:38'),
(71, 'clairo', 0, 'yopicoy123', '2022-05-24 07:15:35'),
(72, 'clairo', 0, 'yopicoy123', '2022-05-24 07:34:38'),
(73, 'clairo', 0, 'yopicoy123', '2022-05-24 07:42:18'),
(74, 'clairo', 0, 'yopicoy123', '2022-05-24 07:49:47'),
(75, 'clairo', 0, 'yopicoy123', '2022-05-24 08:15:45'),
(76, 'clairo', 0, 'yopicoy123', '2022-05-24 08:24:20'),
(77, 'clairo', 0, 'yopicoy123', '2022-05-24 08:31:01'),
(78, 'clairo', 0, 'yopicoy123', '2022-05-24 12:06:28'),
(79, 'clairo', 0, 'yopicoy123', '2022-05-24 12:07:06'),
(80, 'clairo', 0, 'yopicoy123', '2022-05-24 20:10:35'),
(81, 'clairo', 0, 'yopicoy123', '2022-05-24 20:26:02'),
(82, 'clairo', 0, 'yopicoy123', '2022-05-24 20:38:46'),
(83, 'clairo', 0, 'yopicoy123', '2022-05-26 13:46:03'),
(84, 'clairo', 0, 'yopicoy123', '2022-05-26 14:11:09'),
(85, 'clairo', 0, 'yopicoy123', '2022-05-26 14:15:15'),
(86, 'clairo', 0, 'yopicoy123', '2022-05-26 14:21:41'),
(87, 'clairo', 0, 'yopicoy123', '2022-05-26 15:47:52'),
(88, 'clairo', 0, 'yopicoy123', '2022-05-26 22:37:25'),
(89, 'clairo', 0, 'yopicoy123', '2022-05-27 03:27:31'),
(90, 'clairo', 0, 'yopicoy123', '2022-05-27 03:55:43'),
(91, 'clairo', 0, 'yopicoy123', '2022-05-27 04:04:50'),
(92, 'clairo', 0, 'yopicoy123', '2022-05-27 06:32:47'),
(93, 'Jhono', 1, 'Jancok123', '2022-05-27 06:34:34'),
(94, 'clairo', 0, 'yopicoy123', '2022-05-27 06:36:09'),
(95, 'Dubaii', 2, 'super123', '2022-05-27 06:40:26'),
(96, 'clairo', 0, 'yopicoy123', '2022-05-27 06:43:01'),
(97, 'clairo', 0, 'yopicoy123', '2022-05-27 07:29:57'),
(98, 'clairo', 0, 'yopicoy123', '2022-05-27 08:25:38'),
(99, 'Clairo', 0, 'yopicoy123', '2022-05-27 08:30:17'),
(100, 'clairo', 0, 'yopicoy123', '2022-05-27 09:55:46'),
(101, 'clairo', 0, 'yopicoy123', '2022-05-27 10:14:16'),
(102, 'clairo', 0, 'yopicoy123', '2022-05-27 10:23:29'),
(103, 'clairo', 0, 'yopicoy123', '2022-05-27 10:40:30'),
(104, 'clairo', 0, 'yopicoy123', '2022-05-27 10:41:27'),
(105, 'clairo', 0, 'yopicoy123', '2022-05-27 10:43:09'),
(106, 'clairo', 0, 'yopicoy123', '2022-05-27 10:48:43'),
(107, 'clairo', 0, 'yopicoy123', '2022-05-27 10:54:02'),
(108, 'Clairo', 0, 'yopicoy123', '2022-05-27 10:58:21'),
(109, 'Clairo', 0, 'yopicoy123', '2022-05-27 11:24:21'),
(110, 'clairo', 0, 'yopicoy123', '2022-05-27 12:12:56'),
(111, 'clairo', 0, 'yopicoy123', '2022-05-27 12:16:21'),
(112, 'Clairo', 0, 'yopicoy123', '2022-05-27 12:29:23'),
(113, 'clairo', 0, 'yopicoy123', '2022-05-28 02:04:44'),
(114, 'clairo', 0, 'yopicoy123', '2022-05-28 02:09:19'),
(115, 'clairo', 0, 'yopicoy123', '2022-05-28 02:21:34'),
(116, 'clairo', 0, 'yopicoy123', '2022-05-28 02:28:19'),
(117, 'clairo', 0, 'yopicoy123', '2022-05-28 02:29:17'),
(118, 'clairo', 0, 'yopicoy123', '2022-05-28 02:42:26'),
(119, 'clairo', 0, 'yopicoy123', '2022-05-28 02:48:18'),
(120, 'clairo', 0, 'yopicoy123', '2022-05-28 02:50:18'),
(121, 'clairo', 0, 'yopicoy123', '2022-05-28 02:59:28'),
(122, 'clairo', 0, 'yopicoy123', '2022-05-28 03:04:21'),
(123, 'clairo', 0, 'yopicoy123', '2022-05-28 03:32:44'),
(124, 'clairo', 0, 'yopicoy123', '2022-05-28 03:57:32'),
(125, 'clairo', 0, 'yopicoy123', '2022-05-28 03:59:25'),
(126, 'clairo', 0, 'yopicoy123', '2022-05-28 04:21:40'),
(127, 'clairo', 0, 'yopicoy123', '2022-05-28 04:55:20'),
(128, 'clairo', 0, 'yopicoy123', '2022-05-28 05:03:30'),
(129, 'clairo', 0, 'yopicoy123', '2022-05-28 05:21:30'),
(130, 'clairo', 0, 'yopicoy123', '2022-05-28 05:57:17'),
(131, 'clairo', 0, 'yopicoy123', '2022-05-28 06:31:17'),
(132, 'clairo', 0, 'yopicoy123', '2022-05-28 06:36:23'),
(133, 'clairo', 0, 'yopicoy123', '2022-05-28 07:07:11'),
(134, 'clairo', 0, 'yopicoy123', '2022-05-28 07:09:25'),
(135, 'clairo', 0, 'yopicoy123', '2022-05-28 07:18:19'),
(136, 'clairo', 0, 'yopicoy123', '2022-05-28 07:21:08'),
(137, 'clairo', 0, 'yopicoy123', '2022-05-28 07:22:14'),
(138, 'clairo', 0, 'yopicoy123', '2022-05-28 07:34:07'),
(139, 'clairo', 0, 'yopicoy123', '2022-05-28 07:44:48'),
(140, 'clairo', 0, 'yopicoy123', '2022-05-28 10:15:45'),
(141, 'Clairo', 0, 'yopicoy123', '2022-05-28 12:36:20'),
(142, 'Clairo', 0, 'yopicoy123', '2022-05-28 12:38:29'),
(143, 'Clairo', 0, 'yopicoy123', '2022-05-28 12:40:21'),
(144, 'Clairo', 0, 'yopicoy123', '2022-05-28 13:31:51'),
(145, 'Clairo', 0, 'yopicoy123', '2022-05-28 13:41:04'),
(146, 'Clairo', 0, 'yopicoy123', '2022-05-28 13:43:39'),
(147, 'Clairo', 0, 'yopicoy123', '2022-05-28 13:57:49'),
(148, 'Clairo', 0, 'yopicoy123', '2022-05-28 14:01:54'),
(149, 'Clairo', 0, 'yopicoy123', '2022-05-28 14:05:17'),
(150, 'Clairo', 0, 'yopicoy123', '2022-05-28 14:16:21'),
(151, 'Clairo', 0, 'yopicoy123', '2022-05-28 14:23:33'),
(152, 'Clairo', 0, 'yopicoy123', '2022-05-28 14:32:56'),
(153, 'Clairo', 0, 'yopicoy123', '2022-05-28 14:54:40'),
(154, 'Clairo', 0, 'yopicoy123', '2022-05-28 14:58:56'),
(155, 'Clairo', 0, 'yopicoy123', '2022-05-28 15:22:19'),
(156, 'Clairo', 0, 'yopicoy123', '2022-05-28 15:59:51'),
(157, 'Clairo', 0, 'yopicoy123', '2022-05-28 17:36:26'),
(158, 'Clairo', 0, 'yopicoy123', '2022-05-28 17:43:47'),
(159, 'Clairo', 0, 'yopicoy123', '2022-05-28 17:46:41'),
(160, 'Clairo', 0, 'yopicoy123', '2022-05-28 17:51:09'),
(161, 'Clairo', 0, 'yopicoy123', '2022-05-29 01:30:34'),
(162, 'Clairo', 0, 'yopicoy123', '2022-05-29 08:21:30'),
(163, 'Clairo', 0, 'yopicoy123', '2022-05-29 09:55:52'),
(164, 'Clairo', 0, 'yopicoy123', '2022-05-29 09:57:29'),
(165, 'Clairo', 0, 'yopicoy123', '2022-05-29 10:02:07'),
(166, 'Clairo', 0, 'yopicoy123', '2022-05-29 10:02:56'),
(167, 'Clairo', 0, 'yopicoy123', '2022-05-29 10:13:50'),
(168, 'Clairo', 0, 'yopicoy123', '2022-05-29 12:08:57'),
(169, 'Clairo', 0, 'yopicoy123', '2022-05-29 12:41:09'),
(170, 'Clairo', 0, 'yopicoy123', '2022-05-29 13:15:52'),
(171, 'Clairo', 0, 'yopicoy123', '2022-05-29 13:17:51'),
(172, 'Clairo', 0, 'yopicoy123', '2022-05-29 13:19:46'),
(173, 'Clairo', 0, 'yopicoy123', '2022-05-29 13:20:23'),
(174, 'Clairo', 0, 'yopicoy123', '2022-05-29 13:23:26'),
(175, 'Clairo', 0, 'yopicoy123', '2022-05-29 13:41:22'),
(176, 'Clairo', 0, 'yopicoy123', '2022-05-29 13:43:09'),
(177, 'Clairo', 0, 'yopicoy123', '2022-05-29 13:44:01'),
(178, 'Clairo', 0, 'yopicoy123', '2022-05-29 13:44:42'),
(179, 'Clairo', 0, 'yopicoy123', '2022-05-29 13:45:36'),
(180, 'Clairo', 0, 'yopicoy123', '2022-05-29 13:46:07'),
(181, 'Clairo', 0, 'yopicoy123', '2022-05-29 13:49:43'),
(182, 'Clairo', 0, 'yopicoy123', '2022-05-29 15:39:27'),
(183, 'Arch', 0, 'goblok1301', '2022-06-03 04:14:36'),
(184, 'Arch', 0, 'goblok1301', '2022-06-03 04:17:35'),
(185, 'Arch', 0, 'goblok1301', '2022-06-03 04:19:26'),
(186, 'Arch', 0, 'goblok1301', '2022-06-03 04:22:17'),
(187, 'Arch', 0, 'goblok1301', '2022-06-03 04:32:07'),
(188, 'Arch', 0, 'goblok1301', '2022-06-03 04:38:26'),
(189, 'Arch', 0, 'goblok1301', '2022-06-03 04:46:01'),
(190, 'Arch', 0, 'goblok1301', '2022-06-03 04:50:54'),
(191, 'Arch', 0, 'goblok1301', '2022-06-03 04:53:06'),
(192, 'Arch', 0, 'goblok1301', '2022-06-03 04:58:45'),
(193, 'Arch', 1, 'goblok1301', '2022-06-03 05:40:04'),
(194, 'Arch', 0, 'goblok1301', '2022-06-03 05:48:15'),
(195, 'Arch', 0, 'goblok1301', '2022-06-03 05:49:58'),
(196, 'Arch', 0, 'goblok1301', '2022-06-03 06:25:40'),
(197, 'Isac', 1, '123456', '2022-06-03 06:35:23'),
(198, 'Jhono', 2, 'Jancok123', '2022-06-03 06:35:24'),
(199, 'Arch', 0, 'goblok1301', '2022-06-03 06:50:53'),
(200, 'Jhono', 0, 'Jancok123', '2022-06-06 03:53:03'),
(201, 'Arch', 1, 'goblok1301', '2022-06-06 03:54:02'),
(202, 'Jhono', 0, 'Jancok123', '2022-06-06 03:57:20'),
(203, 'Arch', 1, 'goblok1301', '2022-06-06 03:57:27'),
(204, 'Arch', 0, 'goblok1301', '2022-06-06 04:03:34'),
(205, 'Jhono', 1, 'Jancok123', '2022-06-06 04:03:52'),
(206, 'Isac', 2, '123456', '2022-06-06 04:12:22'),
(207, 'Arch', 0, 'goblok1301', '2022-06-06 04:22:43'),
(208, 'Arch', 0, 'goblok1301', '2022-06-06 05:06:46'),
(209, 'Arch', 0, 'goblok1301', '2022-06-06 05:09:07'),
(210, 'Arch', 0, 'goblok1301', '2022-06-06 05:30:08'),
(211, 'Arch', 0, 'goblok1301', '2022-06-06 05:37:38'),
(212, 'Arch', 0, 'goblok1301', '2022-06-06 05:40:11'),
(213, 'Arch', 0, 'goblok1301', '2022-06-06 06:59:48'),
(214, 'Jhono', 0, 'Jancok123', '2022-06-08 02:34:02'),
(215, 'Arch', 1, 'goblok1301', '2022-06-08 02:34:16'),
(216, 'Arch', 0, 'goblok1301', '2022-06-08 02:39:02'),
(217, 'Jhono', 1, 'Jancok123', '2022-06-08 02:39:06'),
(218, 'Jhono', 0, 'Jancok123', '2022-06-08 02:40:16'),
(219, 'Arch', 1, 'goblok1301', '2022-06-08 02:40:30'),
(220, 'Arch', 0, 'goblok1301', '2022-06-08 03:06:34'),
(221, 'Jhono', 1, 'Jancok123', '2022-06-08 03:06:44'),
(222, 'Arch', 0, 'goblok1301', '2022-06-08 03:14:20'),
(223, 'Arch', 0, 'goblok1301', '2022-06-08 03:16:47'),
(224, 'Arch', 0, 'goblok1301', '2022-06-08 03:24:15'),
(225, 'Arch', 0, 'goblok1301', '2022-06-08 03:26:29'),
(226, 'Arch', 0, 'goblok1301', '2022-06-08 03:29:56'),
(227, 'Arch', 0, 'goblok1301', '2022-06-08 04:34:06'),
(228, 'Jhono', 0, 'Jancok123', '2022-06-11 04:06:54'),
(229, 'Arch', 1, 'goblok1301', '2022-06-11 04:08:45'),
(230, 'Arch', 1, 'goblok1301', '2022-06-11 04:15:52'),
(231, 'Jhono', 0, 'Jancok123', '2022-06-11 04:16:00'),
(232, 'Jhono', 0, 'Jancok123', '2022-06-11 04:44:52'),
(233, 'Arch', 1, 'goblok1301', '2022-06-11 04:44:56'),
(234, 'RV0', 0, 'anakadi13', '2022-07-19 10:33:58'),
(235, 'RV0', 0, 'anakadi13', '2022-07-19 10:49:54'),
(236, 'RV0', 0, 'anakadi13', '2022-07-19 11:00:23'),
(237, 'LeozXyz', 1, 'Dzakyrp123', '2022-07-19 11:01:16'),
(238, 'Komang', 2, 'komangagus987543', '2022-07-19 11:08:25'),
(239, 'Komang', 0, 'komangagus987543', '2022-07-19 11:09:08'),
(240, 'Komang', 0, 'komangagus987543', '2022-07-19 11:11:15'),
(241, 'RV0', 1, 'anakadi13', '2022-07-19 11:11:32'),
(242, 'RV0', 0, 'anakadi13', '2022-07-19 11:21:18'),
(243, 'LeozXyz', 0, 'Dzakyrp123', '2022-07-19 12:25:12'),
(244, 'Komang', 1, 'komangagus987543', '2022-07-19 12:25:23'),
(245, 'LeozXyz', 0, 'Dzakyrp123', '2022-07-19 12:27:59'),
(246, 'LeozXyz', 0, 'Dzakyrp123', '2022-07-19 12:32:29'),
(247, 'LeozXyz', 0, 'Dzakyrp123', '2022-07-19 12:40:56'),
(248, 'Komang', 1, 'komangagus987543', '2022-07-19 12:42:01'),
(249, 'Komang', 1, 'komangagus987543', '2022-07-19 12:43:22'),
(250, 'Kiky7', 0, 'kikipunyo', '2022-07-19 12:56:32'),
(251, 'Kiky7', 1, 'kikipunyo', '2022-07-19 15:17:50'),
(252, 'RV0', 1, 'anakadi13', '2022-07-19 15:57:20'),
(253, 'Arch', 0, 'goblok1301', '2022-07-19 15:58:40'),
(254, 'Arch', 0, 'goblok1301', '2022-07-19 16:02:19'),
(255, 'Arch', 0, 'goblok1301', '2022-07-19 16:08:08'),
(256, 'RV0', 1, 'anakadi13', '2022-07-19 16:09:46'),
(257, 'RV0', 0, 'anakadi13', '2022-07-19 16:14:02'),
(258, 'RV0', 0, 'anakadi13', '2022-07-19 23:08:45'),
(259, 'Komang', 1, 'komangagus987543', '2022-07-19 23:09:49'),
(260, 'RV0', 0, 'anakadi13', '2022-07-19 23:12:02'),
(261, 'Komang', 1, 'komangagus987543', '2022-07-19 23:14:53'),
(262, 'Komang', 0, 'komangagus987543', '2022-07-20 03:17:49'),
(263, 'RV0', 0, 'anakadi13', '2022-07-20 03:39:17'),
(264, 'LeozXyz', 0, 'Dzakyrp123', '2022-07-20 07:21:19'),
(265, 'LeozXyz', 0, 'Dzakyrp123', '2022-07-20 07:23:40'),
(266, 'RV0', 0, 'anakadi13', '2022-07-20 07:44:44'),
(267, 'Komang', 1, 'komangagus987543', '2022-07-20 07:58:48'),
(268, 'RV0', 0, 'anakadi13', '2022-07-20 08:08:53'),
(269, 'RV0', 0, 'anakadi13', '2022-07-20 08:14:04'),
(270, 'RV0', 0, 'anakadi13', '2022-07-20 09:53:48'),
(271, 'LeozXyz', 1, 'Dzakyrp123', '2022-07-20 09:54:05'),
(272, 'RV0', 0, 'anakadi13', '2022-07-20 09:58:19'),
(273, 'RV0', 0, 'anakadi13', '2022-07-20 10:04:00'),
(274, 'Navaex', 1, 'firered1', '2022-07-20 10:05:31'),
(275, 'Lixans', 0, 'LixansEEN', '2022-07-20 10:12:24'),
(276, 'Navaex', 1, 'firered1', '2022-07-20 10:50:07'),
(277, 'LeozXyz', 0, 'Dzakyrp123', '2022-07-20 12:37:24');

-- --------------------------------------------------------

--
-- Table structure for table `logpay`
--

CREATE TABLE `logpay` (
  `player` varchar(40) NOT NULL DEFAULT 'None',
  `playerid` int(11) NOT NULL DEFAULT 0,
  `toplayer` varchar(40) NOT NULL DEFAULT 'None',
  `toplayerid` int(11) NOT NULL DEFAULT 0,
  `ammount` int(11) NOT NULL DEFAULT 0,
  `time` bigint(20) NOT NULL
) ENGINE=MyISAM DEFAULT CHARSET=latin1;

-- --------------------------------------------------------

--
-- Table structure for table `logstaff`
--

CREATE TABLE `logstaff` (
  `command` varchar(50) NOT NULL,
  `admin` varchar(50) NOT NULL,
  `adminid` int(11) NOT NULL,
  `player` varchar(50) NOT NULL DEFAULT '*',
  `playerid` int(11) NOT NULL DEFAULT -1,
  `str` varchar(50) NOT NULL DEFAULT '*',
  `time` bigint(20) UNSIGNED NOT NULL
) ENGINE=MyISAM DEFAULT CHARSET=latin1;

--
-- Dumping data for table `logstaff`
--

INSERT INTO `logstaff` (`command`, `admin`, `adminid`, `player`, `playerid`, `str`, `time`) VALUES
('SETMONEY', 'Jhono_Sujhono(RIINNKUNTIID)', 1, 'Jhono_Sujhono', 1, '9999999', 1652788603),
('SETMONEY', 'Jhono_Sujhono(JHONO)', 1, 'Jhono_Sujhono', 1, '1000000', 1652789444),
('SETADMINLEVEL', 'Jhono_Sujhono(None)', 1, 'Todoki_Karuzawa', 4, '3', 1652791141),
('SETMONEY', 'Jhono_Sujhono(Jhono)', 1, 'Jhono_Sujhono', 1, '99999', 1652791373),
('SETMONEY', 'Jhono_Sujhono(None)', 1, 'Jhono_Sujhono', 1, '100000', 1652791790),
('SETADMINLEVEL', 'Jhono_Sujhono(None)', 1, 'Lovic_Hug', 5, '4', 1652791921),
('SETADMINLEVEL', 'Jhono_Sujhono(None)', 1, 'Asep_Sumadi', 6, '4', 1652791941),
('SETADMINLEVEL', 'Jhono_Sujhono(None)', 1, 'Kanjut_Badag', 7, '4', 1652791952),
('SETADMINLEVEL', 'Jhono_Sujhono(JHONO)', 1, 'Licht_Dvat', 8, '3', 1652811350),
('SETMONEY', 'Asep_Sumadi(None)', 6, 'Asep_Sumadi', 6, '10000', 1652811807),
('SETMONEY', 'Asep_Sumadi(None)', 6, 'Asep_Sumadi', 6, '10000', 1652811835),
('SETMONEY', 'Asep_Sumadi(None)', 6, 'Asep_Sumadi', 6, '100000', 1652811841),
('SETADMINLEVEL', 'Jhono_Sujhono(JHONO)', 1, 'Asep_Sumadi', 6, '4', 1652811908),
('SETADMINLEVEL', 'Jhono_Sujhono(JHONO)', 1, 'Asep_Sumadi', 6, '5', 1652811969),
('SETADMINLEVEL', 'Jhono_Sujhono(JHONO)', 1, 'Licht_Dvat', 8, '5', 1652811985),
('SETMONEY', 'Jhono_Sujhono(JHONO)', 1, 'Lovic_Hug', 5, '1000000', 1652812110),
('SETMONEY', 'Licht_Dvat(Rihito)', 8, 'Licht_Dvat', 8, '100000', 1652812127),
('SETADMINLEVEL', 'Jhono_Sujhono(JHONO)', 1, 'Lovic_Hug', 5, '5', 1652812935),
('SETADMINLEVEL', 'Jhono_Sujhono(JHONO)', 1, 'Lovic_Hug', 5, '6', 1652812943),
('SETFACTION', 'Jhono_Sujhono(JHONO)', 1, 'Jhono_Sujhono', 1, '1(13 rank)', 1652815171),
('SETFACTION', 'Jhono_Sujhono(JHONO)', 1, 'Jhono_Sujhono', 1, '1(1 rank)', 1652815209),
('SETFACTION', 'Jhono_Sujhono(JHONO)', 1, 'Jhono_Sujhono', 1, '1(2 rank)', 1652815229),
('SETFACTION', 'Jhono_Sujhono(JHONO)', 1, 'Jhono_Sujhono', 1, '1(3 rank)', 1652815242),
('SETFACTION', 'Jhono_Sujhono(JHONO)', 1, 'Jhono_Sujhono', 1, '1(4 rank)', 1652815260),
('SETFACTION', 'Jhono_Sujhono(JHONO)', 1, 'Jhono_Sujhono', 1, '1(5 rank)', 1652815281),
('SETFACTION', 'Jhono_Sujhono(JHONO)', 1, 'Jhono_Sujhono', 1, '1(6 rank)', 1652815294),
('SETFACTION', 'Jhono_Sujhono(JHONO)', 1, 'Jhono_Sujhono', 1, '1(7 rank)', 1652815307),
('SETFACTION', 'Licht_Dvat(Rihito)', 8, 'Licht_Dvat', 8, '3(1 rank)', 1652815380),
('SETFACTION', 'Asep_Sumadi(None)', 6, 'Asep_Sumadi', 6, '1(13 rank)', 1652815392),
('SETFACTION', 'Licht_Dvat(Rihito)', 8, 'Licht_Dvat', 8, '3(2 rank)', 1652815412),
('SETFACTION', 'Licht_Dvat(Rihito)', 8, 'Licht_Dvat', 8, '3(3 rank)', 1652815420),
('SETFACTION', 'Licht_Dvat(Rihito)', 8, 'Licht_Dvat', 8, '3(4 rank)', 1652815427),
('SETFACTION', 'Licht_Dvat(Rihito)', 8, 'Licht_Dvat', 8, '3(4 rank)', 1652815436),
('SETFACTION', 'Licht_Dvat(Rihito)', 8, 'Licht_Dvat', 8, '3(5 rank)', 1652815439),
('SETFACTION', 'Jhono_Sujhono(JHONO)', 1, 'Jhono_Sujhono', 1, '2(1 rank)', 1652815440),
('SETFACTION', 'Licht_Dvat(Rihito)', 8, 'Licht_Dvat', 8, '3(6 rank)', 1652815446),
('SETFACTION', 'Licht_Dvat(Rihito)', 8, 'Licht_Dvat', 8, '3(7 rank)', 1652815454),
('SETFACTION', 'Licht_Dvat(Rihito)', 8, 'Licht_Dvat', 8, '3(9 rank)', 1652815465),
('SETFACTION', 'Jhono_Sujhono(JHONO)', 1, 'Jhono_Sujhono', 1, '2(2 rank)', 1652815469),
('SETFACTION', 'Licht_Dvat(Rihito)', 8, 'Licht_Dvat', 8, '3(8 rank)', 1652815472),
('SETFACTION', 'Jhono_Sujhono(JHONO)', 1, 'Jhono_Sujhono', 1, '2(3 rank)', 1652815477),
('SETFACTION', 'Licht_Dvat(Rihito)', 8, 'Licht_Dvat', 8, '3(10 rank)', 1652815479),
('SETFACTION', 'Licht_Dvat(Rihito)', 8, 'Licht_Dvat', 8, '3(11 rank)', 1652815489),
('SETFACTION', 'Jhono_Sujhono(JHONO)', 1, 'Jhono_Sujhono', 1, '2(4 rank)', 1652815492),
('SETFACTION', 'Licht_Dvat(Rihito)', 8, 'Licht_Dvat', 8, '3(12 rank)', 1652815497),
('SETFACTION', 'Licht_Dvat(Rihito)', 8, 'Licht_Dvat', 8, '3(13 rank)', 1652815507),
('SETLEADER', 'Licht_Dvat(Rihito)', 8, 'Licht_Dvat', 8, '3', 1652816744),
('SETMONEY', 'Clairo_Stevano(clairo)', 2, 'Clairo_Stevano', 2, '1000', 1652829599),
('SETBOOSTER', 'Clairo_Stevano(clairo)', 2, 'Clairo_Stevano', 2, '(1 days)', 1652829643),
('SETBOOSTER', 'Clairo_Stevano(clairo)', 2, 'Clairo_Stevano', 2, '(0 days)', 1652829648),
('SETVIP', 'Clairo_Stevano(clairo)', 2, 'Clairo_Stevano', 2, '3(0 days)', 1652829655),
('SETLEADER', 'Clairo_Stevano(clairo)', 2, 'Clairo_Stevano', 2, '2', 1652830017),
('SETLEADER', 'Clairo_Stevano(clairo)', 2, 'Clairo_Stevano', 2, '1', 1653376795),
('SETLEADER', 'Clairo_Stevano(clairo)', 2, 'Clairo_Stevano', 2, '0', 1653378615),
('SETVIP', 'Clairo_Stevano(clairo)', 2, 'Clairo_Stevano', 2, '3(0 days)', 1653424768),
('SETGOLD', 'Clairo_Stevano(clairo)', 2, 'Clairo_Stevano', 2, '1000', 1653648472),
('SETLEADER', 'Clairo_Stevano(clairo)', 2, 'Clairo_Stevano', 2, '1', 1653717527),
('SETLEADER', 'Clairo_Stevano(clairo)', 2, 'Clairo_Stevano', 2, '2', 1653717574),
('SETLEADER', 'Clairo_Stevano(clairo)', 2, 'Clairo_Stevano', 2, '3', 1653717577),
('SETLEADER', 'Clairo_Stevano(clairo)', 2, 'Clairo_Stevano', 2, '2', 1653723301),
('SETLEADER', 'Clairo_Stevano(clairo)', 2, 'Clairo_Stevano', 2, '5', 1653744722),
('SETLEADER', 'Clairo_Stevano(clairo)', 2, 'Clairo_Stevano', 2, '3', 1653746553),
('SETLEADER', 'Clairo_Stevano(clairo)', 2, 'Clairo_Stevano', 2, '2', 1653746561),
('SETLEADER', 'Clairo_Stevano(clairo)', 2, 'Clairo_Stevano', 2, '1', 1653746742),
('SETLEADER', 'Clairo_Stevano(clairo)', 2, 'Clairo_Stevano', 2, '2', 1653746779),
('SETLEADER', 'Clairo_Stevano(clairo)', 2, 'Clairo_Stevano', 2, '3', 1653746786),
('SETLEADER', 'Clairo_Stevano(clairo)', 2, 'Clairo_Stevano', 2, '4', 1653746826),
('SETLEADER', 'Clairo_Stevano(clairo)', 2, 'Clairo_Stevano', 2, '5', 1653746876),
('SETLEADER', 'Clairo_Stevano(clairo)', 2, 'Clairo_Stevano', 2, '5', 1653747482),
('SETLEADER', 'Clairo_Stevano(clairo)', 2, 'Clairo_Stevano', 2, '5', 1653747823),
('SETLEADER', 'Clairo_Stevano(clairo)', 2, 'Clairo_Stevano', 2, '0', 1653759863),
('SETLEADER', 'Clairo_Stevano(clairo)', 2, 'Clairo_Stevano', 2, '5', 1653788031),
('SETLEADER', 'Clairo_Stevano(clairo)', 2, 'Clairo_Stevano', 2, '2', 1653812664),
('SETLEADER', 'Clairo_Stevano(clairo)', 2, 'Clairo_Stevano', 2, '3', 1653826266),
('SETLEADER', 'Clairo_Stevano(clairo)', 2, 'Clairo_Stevano', 2, '2', 1653826437),
('SETLEADER', 'Clairo_Stevano(clairo)', 2, 'Clairo_Stevano', 2, '0', 1653838965),
('SETMONEY', 'Jhono_Sujhono(RIINNKUNTIID)', 1, 'Jhono_Sujhono', 1, '9999999', 1652788603),
('SETMONEY', 'Jhono_Sujhono(JHONO)', 1, 'Jhono_Sujhono', 1, '1000000', 1652789444),
('SETADMINLEVEL', 'Jhono_Sujhono(None)', 1, 'Todoki_Karuzawa', 4, '3', 1652791141),
('SETMONEY', 'Jhono_Sujhono(Jhono)', 1, 'Jhono_Sujhono', 1, '99999', 1652791373),
('SETMONEY', 'Jhono_Sujhono(None)', 1, 'Jhono_Sujhono', 1, '100000', 1652791790),
('SETADMINLEVEL', 'Jhono_Sujhono(None)', 1, 'Lovic_Hug', 5, '4', 1652791921),
('SETADMINLEVEL', 'Jhono_Sujhono(None)', 1, 'Asep_Sumadi', 6, '4', 1652791941),
('SETADMINLEVEL', 'Jhono_Sujhono(None)', 1, 'Kanjut_Badag', 7, '4', 1652791952),
('SETADMINLEVEL', 'Jhono_Sujhono(JHONO)', 1, 'Licht_Dvat', 8, '3', 1652811350),
('SETMONEY', 'Asep_Sumadi(None)', 6, 'Asep_Sumadi', 6, '10000', 1652811807),
('SETMONEY', 'Asep_Sumadi(None)', 6, 'Asep_Sumadi', 6, '10000', 1652811835),
('SETMONEY', 'Asep_Sumadi(None)', 6, 'Asep_Sumadi', 6, '100000', 1652811841),
('SETADMINLEVEL', 'Jhono_Sujhono(JHONO)', 1, 'Asep_Sumadi', 6, '4', 1652811908),
('SETADMINLEVEL', 'Jhono_Sujhono(JHONO)', 1, 'Asep_Sumadi', 6, '5', 1652811969),
('SETADMINLEVEL', 'Jhono_Sujhono(JHONO)', 1, 'Licht_Dvat', 8, '5', 1652811985),
('SETMONEY', 'Jhono_Sujhono(JHONO)', 1, 'Lovic_Hug', 5, '1000000', 1652812110),
('SETMONEY', 'Licht_Dvat(Rihito)', 8, 'Licht_Dvat', 8, '100000', 1652812127),
('SETADMINLEVEL', 'Jhono_Sujhono(JHONO)', 1, 'Lovic_Hug', 5, '5', 1652812935),
('SETADMINLEVEL', 'Jhono_Sujhono(JHONO)', 1, 'Lovic_Hug', 5, '6', 1652812943),
('SETFACTION', 'Jhono_Sujhono(JHONO)', 1, 'Jhono_Sujhono', 1, '1(13 rank)', 1652815171),
('SETFACTION', 'Jhono_Sujhono(JHONO)', 1, 'Jhono_Sujhono', 1, '1(1 rank)', 1652815209),
('SETFACTION', 'Jhono_Sujhono(JHONO)', 1, 'Jhono_Sujhono', 1, '1(2 rank)', 1652815229),
('SETFACTION', 'Jhono_Sujhono(JHONO)', 1, 'Jhono_Sujhono', 1, '1(3 rank)', 1652815242),
('SETFACTION', 'Jhono_Sujhono(JHONO)', 1, 'Jhono_Sujhono', 1, '1(4 rank)', 1652815260),
('SETFACTION', 'Jhono_Sujhono(JHONO)', 1, 'Jhono_Sujhono', 1, '1(5 rank)', 1652815281),
('SETFACTION', 'Jhono_Sujhono(JHONO)', 1, 'Jhono_Sujhono', 1, '1(6 rank)', 1652815294),
('SETFACTION', 'Jhono_Sujhono(JHONO)', 1, 'Jhono_Sujhono', 1, '1(7 rank)', 1652815307),
('SETFACTION', 'Licht_Dvat(Rihito)', 8, 'Licht_Dvat', 8, '3(1 rank)', 1652815380),
('SETFACTION', 'Asep_Sumadi(None)', 6, 'Asep_Sumadi', 6, '1(13 rank)', 1652815392),
('SETFACTION', 'Licht_Dvat(Rihito)', 8, 'Licht_Dvat', 8, '3(2 rank)', 1652815412),
('SETFACTION', 'Licht_Dvat(Rihito)', 8, 'Licht_Dvat', 8, '3(3 rank)', 1652815420),
('SETFACTION', 'Licht_Dvat(Rihito)', 8, 'Licht_Dvat', 8, '3(4 rank)', 1652815427),
('SETFACTION', 'Licht_Dvat(Rihito)', 8, 'Licht_Dvat', 8, '3(4 rank)', 1652815436),
('SETFACTION', 'Licht_Dvat(Rihito)', 8, 'Licht_Dvat', 8, '3(5 rank)', 1652815439),
('SETFACTION', 'Jhono_Sujhono(JHONO)', 1, 'Jhono_Sujhono', 1, '2(1 rank)', 1652815440),
('SETFACTION', 'Licht_Dvat(Rihito)', 8, 'Licht_Dvat', 8, '3(6 rank)', 1652815446),
('SETFACTION', 'Licht_Dvat(Rihito)', 8, 'Licht_Dvat', 8, '3(7 rank)', 1652815454),
('SETFACTION', 'Licht_Dvat(Rihito)', 8, 'Licht_Dvat', 8, '3(9 rank)', 1652815465),
('SETFACTION', 'Jhono_Sujhono(JHONO)', 1, 'Jhono_Sujhono', 1, '2(2 rank)', 1652815469),
('SETFACTION', 'Licht_Dvat(Rihito)', 8, 'Licht_Dvat', 8, '3(8 rank)', 1652815472),
('SETFACTION', 'Jhono_Sujhono(JHONO)', 1, 'Jhono_Sujhono', 1, '2(3 rank)', 1652815477),
('SETFACTION', 'Licht_Dvat(Rihito)', 8, 'Licht_Dvat', 8, '3(10 rank)', 1652815479),
('SETFACTION', 'Licht_Dvat(Rihito)', 8, 'Licht_Dvat', 8, '3(11 rank)', 1652815489),
('SETFACTION', 'Jhono_Sujhono(JHONO)', 1, 'Jhono_Sujhono', 1, '2(4 rank)', 1652815492),
('SETFACTION', 'Licht_Dvat(Rihito)', 8, 'Licht_Dvat', 8, '3(12 rank)', 1652815497),
('SETFACTION', 'Licht_Dvat(Rihito)', 8, 'Licht_Dvat', 8, '3(13 rank)', 1652815507),
('SETLEADER', 'Licht_Dvat(Rihito)', 8, 'Licht_Dvat', 8, '3', 1652816744),
('SETMONEY', 'Clairo_Stevano(clairo)', 2, 'Clairo_Stevano', 2, '1000', 1652829599),
('SETBOOSTER', 'Clairo_Stevano(clairo)', 2, 'Clairo_Stevano', 2, '(1 days)', 1652829643),
('SETBOOSTER', 'Clairo_Stevano(clairo)', 2, 'Clairo_Stevano', 2, '(0 days)', 1652829648),
('SETVIP', 'Clairo_Stevano(clairo)', 2, 'Clairo_Stevano', 2, '3(0 days)', 1652829655),
('SETLEADER', 'Clairo_Stevano(clairo)', 2, 'Clairo_Stevano', 2, '2', 1652830017),
('SETLEADER', 'Clairo_Stevano(clairo)', 2, 'Clairo_Stevano', 2, '1', 1653376795),
('SETLEADER', 'Clairo_Stevano(clairo)', 2, 'Clairo_Stevano', 2, '0', 1653378615),
('SETVIP', 'Clairo_Stevano(clairo)', 2, 'Clairo_Stevano', 2, '3(0 days)', 1653424768),
('SETGOLD', 'Clairo_Stevano(clairo)', 2, 'Clairo_Stevano', 2, '1000', 1653648472),
('SETLEADER', 'Clairo_Stevano(clairo)', 2, 'Clairo_Stevano', 2, '1', 1653717527),
('SETLEADER', 'Clairo_Stevano(clairo)', 2, 'Clairo_Stevano', 2, '2', 1653717574),
('SETLEADER', 'Clairo_Stevano(clairo)', 2, 'Clairo_Stevano', 2, '3', 1653717577),
('SETLEADER', 'Clairo_Stevano(clairo)', 2, 'Clairo_Stevano', 2, '2', 1653723301),
('SETLEADER', 'Clairo_Stevano(clairo)', 2, 'Clairo_Stevano', 2, '5', 1653744722),
('SETLEADER', 'Clairo_Stevano(clairo)', 2, 'Clairo_Stevano', 2, '3', 1653746553),
('SETLEADER', 'Clairo_Stevano(clairo)', 2, 'Clairo_Stevano', 2, '2', 1653746561),
('SETLEADER', 'Clairo_Stevano(clairo)', 2, 'Clairo_Stevano', 2, '1', 1653746742),
('SETLEADER', 'Clairo_Stevano(clairo)', 2, 'Clairo_Stevano', 2, '2', 1653746779),
('SETLEADER', 'Clairo_Stevano(clairo)', 2, 'Clairo_Stevano', 2, '3', 1653746786),
('SETLEADER', 'Clairo_Stevano(clairo)', 2, 'Clairo_Stevano', 2, '4', 1653746826),
('SETLEADER', 'Clairo_Stevano(clairo)', 2, 'Clairo_Stevano', 2, '5', 1653746876),
('SETLEADER', 'Clairo_Stevano(clairo)', 2, 'Clairo_Stevano', 2, '5', 1653747482),
('SETLEADER', 'Clairo_Stevano(clairo)', 2, 'Clairo_Stevano', 2, '5', 1653747823),
('SETLEADER', 'Clairo_Stevano(clairo)', 2, 'Clairo_Stevano', 2, '0', 1653759863),
('SETLEADER', 'Clairo_Stevano(clairo)', 2, 'Clairo_Stevano', 2, '5', 1653788031),
('SETLEADER', 'Clairo_Stevano(clairo)', 2, 'Clairo_Stevano', 2, '2', 1653812664),
('SETLEADER', 'Clairo_Stevano(clairo)', 2, 'Clairo_Stevano', 2, '3', 1653826266),
('SETLEADER', 'Clairo_Stevano(clairo)', 2, 'Clairo_Stevano', 2, '2', 1653826437),
('SETLEADER', 'Clairo_Stevano(clairo)', 2, 'Clairo_Stevano', 2, '0', 1653838965),
('SETLEADER', 'Emmilia_Charlotte(Knt)', 1, 'Emmilia_Charlotte', 1, '1', 1654212369),
('SETADMINLEVEL', 'Emmilia_Charlotte(Knt)', 1, 'Jhono_Yoo', 3, '6', 1654212713),
('SETADMINLEVEL', 'Emmilia_Charlotte(Knt)', 1, 'Jhono_Yoo', 3, '6', 1654213041),
('GIVEMONEY', 'Emmilia_Charlotte(Knt)', 1, 'Emmilia_Charlotte', 1, '1000', 1654466841),
('SETMONEY', 'Emmilia_Charlotte(Knt)', 1, 'Emmilia_Charlotte', 1, '100000', 1654469028),
('SETADMINLEVEL', 'Emmilia_Charlotte(Knt)', 1, 'Emmilia_Charlotte', 1, '7', 1654473625),
('SETADMINLEVEL', 'Emmilia_Charlotte(Knt)', 1, 'Emmilia_Charlotte', 1, '8', 1654473648),
('SETLEADER', 'Emmilia_Charlotte(Knt)', 1, 'Jhono_Yoo', 3, '1', 1654630870),
('SETADMINLEVEL', 'Emmilia_Charlotte(Knt)', 1, 'Jhono_Yoo', 3, '8', 1654630890),
('SETADMINLEVEL', 'Emmilia_Charlotte(Knt)', 1, 'Jhono_Yoo', 3, '7', 1654630904),
('SETMONEY', 'Jhono_Yoo(None)', 3, 'Jhono_Yoo', 3, '100000', 1654896358),
('SETLEADER', 'Jhono_Yoo(None)', 3, 'Jhono_Yoo', 3, '5', 1654896481),
('SETLEADER', 'Emmilia_Charlotte(Knt)', 1, 'Emmilia_Charlotte', 1, '5', 1654897129),
('SETBOOSTER', 'Aaron_Richard(None)', 5, 'Aaron_Richard', 5, '(0 days)', 1658226902),
('GIVEMONEY', 'Aaron_Richard(None)', 5, 'Aaron_Richard', 5, '200', 1658227047),
('GIVEMONEY', 'Aaron_Richard(None)', 5, 'Aaron_Richard', 5, '100000', 1658227824),
('SETADMINLEVEL', 'Aaron_Richard(None)', 5, 'Leoz_Maurice', 6, '6', 1658228550),
('SETADMINLEVEL', 'Aaron_Richard(Revo)', 5, 'Komang_Agus', 8, '6', 1658228735),
('SETLEADER', 'Aaron_Richard(Revo)', 5, 'Aaron_Richard', 5, '2', 1658229916),
('SETLEADER', 'Aaron_Richard(Revo)', 5, 'Aaron_Richard', 5, '1', 1658230250),
('SETADMINLEVEL', 'Komang_Agus(Komang)', 8, 'Vladimir_Macintosh', 9, '1', 1658233689),
('SETMONEY', 'Komang_Agus(Komang)', 8, 'Komang_Agus', 8, '10000', 1658233854),
('SETADMINLEVEL', 'Komang_Agus(Komang)', 8, 'asshole', 6, '6', 1658233920),
('SETMONEY', 'Leoz_Maurice(Leoz)', 6, 'Leoz_Maurice', 6, '77777777', 1658301983),
('SETLEADER', 'Leoz_Maurice(Leoz)', 6, 'Leoz_Maurice', 6, '1', 1658302289),
('SETVIP', 'Aaron_Richard(Revo)', 5, 'Aaron_Richard', 5, '3(0 days)', 1658303545),
('SETADMINLEVEL', 'Aaron_Richard(Revo)', 5, 'Ahmad_Rojali', 10, '6', 1658311587),
('SETADMINLEVEL', 'Aaron_Richard(Revo)', 5, 'Lixans_Washington', 11, '6', 1658311700),
('GIVEMONEY', 'Lixans_Washington(None)', 11, 'Lixans_Washington', 11, '422594560', 1658311737),
('GIVEMONEY', 'Lixans_Washington(None)', 11, 'Lixans_Washington', 11, '422594560', 1658311739),
('GIVEMONEY', 'Lixans_Washington(None)', 11, 'Lixans_Washington', 11, '422594560', 1658311740),
('GIVEMONEY', 'Lixans_Washington(None)', 11, 'Lixans_Washington', 11, '422594560', 1658311741),
('SETMONEY', 'Lixans_Washington(None)', 11, 'Lixans_Washington', 11, '410065408', 1658312033),
('SETGOLD', 'Lixans_Washington(..)', 11, 'Lixans_Washington', 11, '10000', 1658313142),
('SETFACTION', 'Lixans_Washington(..)', 11, 'Lixans_Washington', 11, '1(13 rank)', 1658313206),
('SETFACTION', 'Lixans_Washington(..)', 11, 'Lixans_Washington', 11, '2(13 rank)', 1658313258),
('SETFACTION', 'Lixans_Washington(..)', 11, 'Lixans_Washington', 11, '4(13 rank)', 1658313690),
('SETFACTION', 'Lixans_Washington(..)', 11, 'Lixans_Washington', 11, '4(13 rank)', 1658313746),
('SETFACTION', 'Lixans_Washington(..)', 11, 'Lixans_Washington', 11, '3(13 rank)', 1658313751),
('SETFACTION', 'Lixans_Washington(..)', 11, 'Lixans_Washington', 11, '4(13 rank)', 1658313879);

-- --------------------------------------------------------

--
-- Table structure for table `object`
--

CREATE TABLE `object` (
  `id` int(11) NOT NULL,
  `posx` float NOT NULL,
  `posy` float NOT NULL,
  `posz` float NOT NULL,
  `posrx` float NOT NULL,
  `posry` float NOT NULL,
  `posrz` float NOT NULL,
  `interior` int(11) NOT NULL DEFAULT 0,
  `world` int(11) NOT NULL DEFAULT 0,
  `object` bigint(20) NOT NULL
) ENGINE=InnoDB DEFAULT CHARSET=latin1;

-- --------------------------------------------------------

--
-- Table structure for table `ores`
--

CREATE TABLE `ores` (
  `id` int(11) NOT NULL,
  `type` int(11) NOT NULL DEFAULT 0,
  `posx` float DEFAULT 0,
  `posy` float DEFAULT 0,
  `posz` float DEFAULT 0,
  `posrx` float DEFAULT 0,
  `posry` float DEFAULT 0,
  `posrz` float DEFAULT 0
) ENGINE=MyISAM DEFAULT CHARSET=latin1;

--
-- Dumping data for table `ores`
--

INSERT INTO `ores` (`id`, `type`, `posx`, `posy`, `posz`, `posrx`, `posry`, `posrz`) VALUES
(0, 0, 464.381, 866.534, -28.387, 0, 0, 0),
(1, 1, 555.939, 928.367, -43.5709, 0, 0, 0),
(2, 0, 613.141, 865.3, -43.5509, 0, 0, 0),
(3, 1, 637.747, 831.97, -43.6309, 0, 0, 0),
(4, 0, 671.772, 927.05, -41.4543, 0, 0, 0),
(5, 0, 652.36, 738.067, -11.904, 0, 0, 0),
(6, 1, 640.83, 731.161, -2.64683, 0, 0, 0),
(7, 1, 500.121, 781.126, -21.9991, 0, 0, 0),
(8, 0, 488.845, 785.109, -22.3256, 0, 0, 0),
(9, 1, 685.946, 820.716, -28.3049, 0, 0, 0),
(10, 0, 562.108, 982.26, -7.96277, 0, 0, 0),
(11, 0, 535.467, 909.043, -43.4109, 0, 0, 0),
(12, 0, 539.144, 882.115, -36.6565, 0, 0, 0),
(13, 1, 461.884, 884.778, -28.8179, 0, 0, 0),
(14, 1, 698.502, 841.609, -28.2711, 0, 0, 0),
(15, 1, 487.904, 800.007, -22.22, 0, 0, 0),
(16, 0, 546.501, 824.598, -29.9684, 0, 0, 0),
(17, 1, 576.64, 805.685, -29.4404, 0, 0, 0),
(18, 1, 554.326, 786.207, -19.1056, 0, 0, 0),
(19, 1, 709.745, 921.678, -19.4611, 0, 0, 0),
(20, 0, 714.078, 913.618, -19.2864, 0, 0, 0),
(21, 1, 744.818, 776.606, -8.06283, 0, 0, 0),
(22, 0, 600.437, 932.102, -41.5237, 0, 0, 0),
(23, 0, 597.532, 829.781, -43.959, 0, 0, 0),
(24, 1, 540.974, 842.47, -42.1793, 0, 0, 0),
(25, 1, 696.797, 844.561, -28.9438, 0, 0, 0);

-- --------------------------------------------------------

--
-- Table structure for table `parks`
--

CREATE TABLE `parks` (
  `id` int(11) DEFAULT 0,
  `posx` float DEFAULT 0,
  `posy` float DEFAULT 0,
  `posz` float DEFAULT 0,
  `interior` int(11) DEFAULT 0,
  `world` int(11) DEFAULT 0
) ENGINE=InnoDB DEFAULT CHARSET=utf8;

--
-- Dumping data for table `parks`
--

INSERT INTO `parks` (`id`, `posx`, `posy`, `posz`, `interior`, `world`) VALUES
(0, 2115.4, -1776.52, 13.3912, 0, 0),
(1, 1320.01, -863.615, 39.5781, 0, 0),
(2, 1090.48, -1237.86, 15.8203, 0, 0),
(4, 1365.84, -1648.96, 13.3828, 0, 0),
(3, 1019.95, -1438.36, 13.5546, 0, 0),
(6, 1213.47, -1102.48, 24.6954, 0, 0),
(5, 2249.87, 28.194, 26.1204, 0, 0),
(0, 2115.4, -1776.52, 13.3912, 0, 0),
(1, 1320.01, -863.615, 39.5781, 0, 0),
(2, 1090.48, -1237.86, 15.8203, 0, 0),
(4, 1365.84, -1648.96, 13.3828, 0, 0),
(3, 1019.95, -1438.36, 13.5546, 0, 0),
(6, 1213.47, -1102.48, 24.6954, 0, 0),
(5, 2249.87, 28.194, 26.1204, 0, 0),
(7, 1477.52, -1724.63, 13.5469, 0, 0),
(8, 1177.74, -1308.22, 13.8421, 0, 0);

-- --------------------------------------------------------

--
-- Table structure for table `plants`
--

CREATE TABLE `plants` (
  `id` int(11) NOT NULL,
  `type` int(11) NOT NULL DEFAULT 0,
  `time` int(11) NOT NULL DEFAULT 0,
  `posx` float NOT NULL DEFAULT 0,
  `posy` float NOT NULL DEFAULT 0,
  `posz` float NOT NULL DEFAULT 0
) ENGINE=MyISAM DEFAULT CHARSET=latin1;

-- --------------------------------------------------------

--
-- Table structure for table `players`
--

CREATE TABLE `players` (
  `reg_id` int(10) UNSIGNED NOT NULL,
  `username` varchar(24) NOT NULL DEFAULT '',
  `ucp` varchar(22) NOT NULL,
  `adminname` varchar(24) NOT NULL DEFAULT 'None',
  `twittername` varchar(64) NOT NULL DEFAULT 'None',
  `ip` varchar(24) NOT NULL DEFAULT '',
  `email` varchar(40) NOT NULL DEFAULT 'None',
  `characterstory` int(11) NOT NULL DEFAULT 0,
  `admin` tinyint(3) UNSIGNED NOT NULL DEFAULT 0,
  `helper` tinyint(3) UNSIGNED NOT NULL DEFAULT 0,
  `servermod` int(10) UNSIGNED NOT NULL DEFAULT 0,
  `eventmod` int(10) UNSIGNED NOT NULL DEFAULT 0,
  `factionmod` int(10) UNSIGNED NOT NULL DEFAULT 0,
  `familymod` int(10) UNSIGNED NOT NULL DEFAULT 0,
  `level` int(10) UNSIGNED NOT NULL DEFAULT 1,
  `levelup` int(10) UNSIGNED NOT NULL DEFAULT 0,
  `vip` tinyint(3) UNSIGNED NOT NULL DEFAULT 0,
  `vip_time` bigint(20) UNSIGNED NOT NULL DEFAULT 0,
  `gold` int(11) NOT NULL DEFAULT 0,
  `reg_date` varchar(30) NOT NULL DEFAULT '',
  `last_login` varchar(30) NOT NULL DEFAULT '',
  `money` int(11) NOT NULL DEFAULT 0,
  `redmoney` int(11) NOT NULL DEFAULT 0,
  `bmoney` int(11) NOT NULL DEFAULT 0,
  `brek` mediumint(8) UNSIGNED NOT NULL DEFAULT 0,
  `starterpack` int(10) UNSIGNED NOT NULL DEFAULT 0,
  `phone` mediumint(8) UNSIGNED NOT NULL,
  `phonestatus` int(11) NOT NULL DEFAULT 0,
  `phonekuota` int(11) NOT NULL DEFAULT 0,
  `phonecredit` int(10) UNSIGNED NOT NULL DEFAULT 0,
  `phonebook` tinyint(3) UNSIGNED NOT NULL DEFAULT 0,
  `twitter` int(11) NOT NULL DEFAULT 0,
  `twitterstatus` int(11) NOT NULL DEFAULT 0,
  `wt` int(10) UNSIGNED NOT NULL DEFAULT 0,
  `hours` int(10) UNSIGNED NOT NULL DEFAULT 0,
  `minutes` int(10) UNSIGNED NOT NULL DEFAULT 0,
  `seconds` int(10) UNSIGNED NOT NULL DEFAULT 0,
  `paycheck` int(10) UNSIGNED NOT NULL DEFAULT 0,
  `skin` smallint(5) UNSIGNED NOT NULL DEFAULT 0,
  `facskin` smallint(5) UNSIGNED NOT NULL DEFAULT 0,
  `gender` tinyint(3) UNSIGNED NOT NULL DEFAULT 0,
  `age` varchar(30) NOT NULL DEFAULT '',
  `indoor` mediumint(9) NOT NULL DEFAULT -1,
  `inbiz` mediumint(9) NOT NULL DEFAULT -1,
  `inhouse` mediumint(9) NOT NULL DEFAULT -1,
  `infamily` mediumint(9) NOT NULL DEFAULT -1,
  `posx` float NOT NULL DEFAULT 0,
  `posy` float NOT NULL DEFAULT 0,
  `posz` float NOT NULL DEFAULT 0,
  `posa` float NOT NULL DEFAULT 0,
  `interior` int(10) UNSIGNED NOT NULL DEFAULT 0,
  `world` int(10) UNSIGNED NOT NULL DEFAULT 0,
  `health` float NOT NULL DEFAULT 100,
  `armour` float NOT NULL DEFAULT 0,
  `hunger` smallint(6) NOT NULL DEFAULT 100,
  `bladder` smallint(6) NOT NULL DEFAULT 100,
  `energy` smallint(6) NOT NULL DEFAULT 100,
  `sick` tinyint(3) UNSIGNED NOT NULL DEFAULT 0,
  `hospital` tinyint(3) UNSIGNED NOT NULL DEFAULT 0,
  `injured` tinyint(3) UNSIGNED NOT NULL DEFAULT 0,
  `duty` tinyint(3) UNSIGNED NOT NULL DEFAULT 0,
  `dutytime` int(10) UNSIGNED NOT NULL DEFAULT 0,
  `faction` tinyint(3) UNSIGNED NOT NULL DEFAULT 0,
  `factionrank` tinyint(3) UNSIGNED NOT NULL DEFAULT 0,
  `factionlead` tinyint(3) UNSIGNED NOT NULL DEFAULT 0,
  `family` tinyint(4) NOT NULL DEFAULT -1,
  `familyrank` tinyint(3) UNSIGNED NOT NULL DEFAULT 0,
  `jail` int(10) UNSIGNED NOT NULL DEFAULT 0,
  `jail_time` int(10) UNSIGNED NOT NULL DEFAULT 0,
  `arrest` tinyint(3) UNSIGNED NOT NULL DEFAULT 0,
  `arrest_time` int(10) UNSIGNED NOT NULL DEFAULT 0,
  `suspect` int(10) UNSIGNED NOT NULL DEFAULT 0,
  `suspect_time` int(10) UNSIGNED NOT NULL DEFAULT 0,
  `ask_time` int(10) UNSIGNED NOT NULL DEFAULT 0,
  `warn` tinyint(3) UNSIGNED NOT NULL DEFAULT 0,
  `job` tinyint(3) UNSIGNED NOT NULL DEFAULT 0,
  `job2` tinyint(3) UNSIGNED NOT NULL DEFAULT 0,
  `jobtime` int(10) UNSIGNED NOT NULL DEFAULT 0,
  `sidejobtime` int(10) UNSIGNED NOT NULL DEFAULT 0,
  `sidejob_mowertime` int(10) UNSIGNED NOT NULL DEFAULT 0,
  `sidejob_bustime` int(10) UNSIGNED NOT NULL DEFAULT 0,
  `sidejob_forkliftertime` int(10) UNSIGNED NOT NULL DEFAULT 0,
  `sidejob_sweepertime` int(10) UNSIGNED NOT NULL DEFAULT 0,
  `exitjob` bigint(20) UNSIGNED NOT NULL DEFAULT 0,
  `taxitime` int(10) UNSIGNED NOT NULL DEFAULT 0,
  `robtime` int(10) UNSIGNED NOT NULL DEFAULT 0,
  `myricous` mediumint(9) NOT NULL DEFAULT 0,
  `medicine` mediumint(9) NOT NULL DEFAULT 0,
  `medkit` mediumint(9) NOT NULL DEFAULT 0,
  `mask` tinyint(3) UNSIGNED NOT NULL DEFAULT 0,
  `helmet` tinyint(3) UNSIGNED NOT NULL DEFAULT 0,
  `snack` mediumint(9) NOT NULL DEFAULT 0,
  `sprunk` mediumint(9) NOT NULL DEFAULT 0,
  `gas` mediumint(9) NOT NULL DEFAULT 0,
  `bandage` mediumint(9) NOT NULL DEFAULT 0,
  `gps` tinyint(3) UNSIGNED NOT NULL DEFAULT 0,
  `material` mediumint(9) NOT NULL DEFAULT 0,
  `component` mediumint(9) NOT NULL DEFAULT 0,
  `food` mediumint(9) NOT NULL DEFAULT 0,
  `seed` mediumint(9) NOT NULL DEFAULT 0,
  `potato` mediumint(9) NOT NULL DEFAULT 0,
  `wheat` mediumint(9) NOT NULL DEFAULT 0,
  `orange` mediumint(9) NOT NULL DEFAULT 0,
  `price1` mediumint(8) UNSIGNED NOT NULL DEFAULT 0,
  `price2` mediumint(8) UNSIGNED NOT NULL DEFAULT 0,
  `price3` mediumint(8) UNSIGNED NOT NULL DEFAULT 0,
  `price4` mediumint(8) UNSIGNED NOT NULL DEFAULT 0,
  `marijuana` mediumint(9) NOT NULL DEFAULT 0,
  `plant` tinyint(3) UNSIGNED NOT NULL DEFAULT 0,
  `plant_time` int(10) UNSIGNED NOT NULL DEFAULT 0,
  `fishtool` tinyint(4) NOT NULL DEFAULT 0,
  `fish` mediumint(9) NOT NULL DEFAULT 0,
  `worm` mediumint(9) NOT NULL DEFAULT 0,
  `idcard` tinyint(3) UNSIGNED NOT NULL DEFAULT 0,
  `idcard_time` bigint(20) UNSIGNED NOT NULL DEFAULT 0,
  `drivelic` tinyint(3) UNSIGNED NOT NULL DEFAULT 0,
  `drivelic_time` bigint(20) UNSIGNED NOT NULL DEFAULT 0,
  `weaponlic` tinyint(3) UNSIGNED NOT NULL DEFAULT 0,
  `weaponlic_time` bigint(20) UNSIGNED NOT NULL DEFAULT 0,
  `hbemode` tinyint(3) UNSIGNED NOT NULL DEFAULT 1,
  `togpm` tinyint(3) UNSIGNED NOT NULL DEFAULT 0,
  `toglog` tinyint(3) UNSIGNED NOT NULL DEFAULT 0,
  `togads` tinyint(3) UNSIGNED NOT NULL DEFAULT 0,
  `togwt` tinyint(3) UNSIGNED NOT NULL DEFAULT 0,
  `Gun1` int(10) UNSIGNED NOT NULL DEFAULT 0,
  `Gun2` int(10) UNSIGNED NOT NULL DEFAULT 0,
  `Gun3` int(10) UNSIGNED NOT NULL DEFAULT 0,
  `Gun4` int(10) UNSIGNED NOT NULL DEFAULT 0,
  `Gun5` int(10) UNSIGNED NOT NULL DEFAULT 0,
  `Gun6` int(10) UNSIGNED NOT NULL DEFAULT 0,
  `Gun7` int(10) UNSIGNED NOT NULL DEFAULT 0,
  `Gun8` int(10) UNSIGNED NOT NULL DEFAULT 0,
  `Gun9` int(10) UNSIGNED NOT NULL DEFAULT 0,
  `Gun10` int(10) UNSIGNED NOT NULL DEFAULT 0,
  `Gun11` int(10) UNSIGNED NOT NULL DEFAULT 0,
  `Gun12` int(10) UNSIGNED NOT NULL DEFAULT 0,
  `Gun13` int(10) UNSIGNED NOT NULL DEFAULT 0,
  `Ammo1` int(10) UNSIGNED NOT NULL DEFAULT 0,
  `Ammo2` int(10) UNSIGNED NOT NULL DEFAULT 0,
  `Ammo3` int(10) UNSIGNED NOT NULL DEFAULT 0,
  `Ammo4` int(10) UNSIGNED NOT NULL DEFAULT 0,
  `Ammo5` int(10) UNSIGNED NOT NULL DEFAULT 0,
  `Ammo6` int(10) UNSIGNED NOT NULL DEFAULT 0,
  `Ammo7` int(10) UNSIGNED NOT NULL DEFAULT 0,
  `Ammo8` int(10) UNSIGNED NOT NULL DEFAULT 0,
  `Ammo9` int(10) UNSIGNED NOT NULL DEFAULT 0,
  `Ammo10` int(10) UNSIGNED NOT NULL DEFAULT 0,
  `Ammo11` int(10) UNSIGNED NOT NULL DEFAULT 0,
  `Ammo12` int(10) UNSIGNED NOT NULL DEFAULT 0,
  `Ammo13` int(10) UNSIGNED NOT NULL DEFAULT 0,
  `kepala` int(11) NOT NULL DEFAULT 0,
  `perut` int(11) NOT NULL DEFAULT 0,
  `lengankiri` int(11) NOT NULL DEFAULT 0,
  `lengankanan` int(11) NOT NULL DEFAULT 0,
  `kakikiri` int(11) NOT NULL DEFAULT 0,
  `kakikanan` int(11) NOT NULL DEFAULT 0,
  `kurir` int(11) NOT NULL DEFAULT 0,
  `sparepart` int(11) DEFAULT 0,
  `senter` int(11) NOT NULL DEFAULT 0,
  `booster` tinyint(3) NOT NULL DEFAULT 0,
  `boosttime` bigint(20) NOT NULL DEFAULT 0,
  `ayamhidup` mediumint(8) DEFAULT 0,
  `ayampotong` mediumint(8) NOT NULL DEFAULT 0,
  `ayamfillet` mediumint(8) NOT NULL DEFAULT 0,
  `lockpick` mediumint(8) NOT NULL DEFAULT 0,
  `robbiztime` int(11) NOT NULL DEFAULT 0,
  `robbanktime` int(11) NOT NULL DEFAULT 0,
  `robatmtime` int(11) NOT NULL DEFAULT 0,
  `paketborax` int(11) NOT NULL DEFAULT 0,
  `borax` mediumint(8) NOT NULL DEFAULT 0,
  `bpjs` tinyint(3) NOT NULL DEFAULT 0,
  `bpjs_time` bigint(20) NOT NULL DEFAULT 0,
  `penebang` tinyint(3) NOT NULL DEFAULT 0,
  `penebang_time` bigint(20) NOT NULL DEFAULT 0,
  `skck` tinyint(3) NOT NULL DEFAULT 0,
  `skck_time` bigint(20) NOT NULL DEFAULT 0,
  `licbiz` tinyint(3) NOT NULL DEFAULT 0,
  `licbiz_time` bigint(20) NOT NULL DEFAULT 0,
  `crack` mediumint(8) NOT NULL DEFAULT 0,
  `susu` mediumint(9) NOT NULL DEFAULT 0,
  `nasi` mediumint(9) NOT NULL DEFAULT 0,
  `burger` mediumint(9) NOT NULL DEFAULT 0,
  `kebab` mediumint(9) NOT NULL DEFAULT 0,
  `tikettol` int(11) NOT NULL DEFAULT 0,
  `divisi` int(11) NOT NULL,
  `aGoreng` int(11) NOT NULL,
  `menikah` varchar(25) NOT NULL DEFAULT 'None'
) ENGINE=MyISAM DEFAULT CHARSET=latin1;

--
-- Dumping data for table `players`
--

INSERT INTO `players` (`reg_id`, `username`, `ucp`, `adminname`, `twittername`, `ip`, `email`, `characterstory`, `admin`, `helper`, `servermod`, `eventmod`, `factionmod`, `familymod`, `level`, `levelup`, `vip`, `vip_time`, `gold`, `reg_date`, `last_login`, `money`, `redmoney`, `bmoney`, `brek`, `starterpack`, `phone`, `phonestatus`, `phonekuota`, `phonecredit`, `phonebook`, `twitter`, `twitterstatus`, `wt`, `hours`, `minutes`, `seconds`, `paycheck`, `skin`, `facskin`, `gender`, `age`, `indoor`, `inbiz`, `inhouse`, `infamily`, `posx`, `posy`, `posz`, `posa`, `interior`, `world`, `health`, `armour`, `hunger`, `bladder`, `energy`, `sick`, `hospital`, `injured`, `duty`, `dutytime`, `faction`, `factionrank`, `factionlead`, `family`, `familyrank`, `jail`, `jail_time`, `arrest`, `arrest_time`, `suspect`, `suspect_time`, `ask_time`, `warn`, `job`, `job2`, `jobtime`, `sidejobtime`, `sidejob_mowertime`, `sidejob_bustime`, `sidejob_forkliftertime`, `sidejob_sweepertime`, `exitjob`, `taxitime`, `robtime`, `myricous`, `medicine`, `medkit`, `mask`, `helmet`, `snack`, `sprunk`, `gas`, `bandage`, `gps`, `material`, `component`, `food`, `seed`, `potato`, `wheat`, `orange`, `price1`, `price2`, `price3`, `price4`, `marijuana`, `plant`, `plant_time`, `fishtool`, `fish`, `worm`, `idcard`, `idcard_time`, `drivelic`, `drivelic_time`, `weaponlic`, `weaponlic_time`, `hbemode`, `togpm`, `toglog`, `togads`, `togwt`, `Gun1`, `Gun2`, `Gun3`, `Gun4`, `Gun5`, `Gun6`, `Gun7`, `Gun8`, `Gun9`, `Gun10`, `Gun11`, `Gun12`, `Gun13`, `Ammo1`, `Ammo2`, `Ammo3`, `Ammo4`, `Ammo5`, `Ammo6`, `Ammo7`, `Ammo8`, `Ammo9`, `Ammo10`, `Ammo11`, `Ammo12`, `Ammo13`, `kepala`, `perut`, `lengankiri`, `lengankanan`, `kakikiri`, `kakikanan`, `kurir`, `sparepart`, `senter`, `booster`, `boosttime`, `ayamhidup`, `ayampotong`, `ayamfillet`, `lockpick`, `robbiztime`, `robbanktime`, `robatmtime`, `paketborax`, `borax`, `bpjs`, `bpjs_time`, `penebang`, `penebang_time`, `skck`, `skck_time`, `licbiz`, `licbiz_time`, `crack`, `susu`, `nasi`, `burger`, `kebab`, `tikettol`, `divisi`, `aGoreng`, `menikah`) VALUES
(1, 'Emmilia_Charlotte', 'Arch', 'Knt', '', '255.255.255.255', 'None', 0, 6, 0, 0, 0, 0, 0, 100, 5, 0, 0, 0, '2022-06-03 04:51:09', '2022-07-19 16:12:41', 100000, 0, 200, 662149, 0, 0, 0, 0, 0, 0, 0, 0, 0, 5, 4, 25, 18265, 41, 0, 2, '24/09/1996', -1, -1, -1, -1, 1495.34, -1748.4, 15.7453, 104.872, 0, 0, 100, 0, 84, 100, 83, 0, 0, 0, 0, 0, 5, 13, 5, -1, 0, 0, 0, 0, 0, 0, 0, 0, 0, 0, 0, 0, 0, 0, 0, 0, 0, 0, 0, 0, 0, 0, 0, 0, 0, 0, 0, 0, 0, 0, 0, 0, 0, 0, 0, 0, 0, 0, 0, 0, 0, 0, 0, 0, 0, 0, 10, 0, 0, 0, 0, 0, 0, 1, 0, 0, 0, 0, 0, 0, 24, 0, 0, 30, 0, 0, 0, 0, 0, 0, 0, 0, 0, 14, 0, 0, 220, 0, 0, 0, 0, 0, 0, 0, 56, 86, 96, 90, 83, 96, 0, 0, 0, 0, 0, 0, 0, 0, 0, 0, 0, 0, 0, 0, 0, 0, 0, 0, 0, 0, 0, 0, 0, 0, 0, 0, 0, 68, 0, 0, 'Jhono Yoo'),
(2, 'Alexandro_Desilva', 'Test', 'None', '', '255.255.255.255', 'None', 0, 0, 0, 0, 0, 0, 0, 1, 0, 0, 0, 0, '2022-06-03 06:30:22', '2022-06-03 06:33:33', 250, 0, 200, 360229, 0, 0, 0, 0, 0, 0, 0, 0, 0, 0, 2, 56, 176, 299, 0, 1, '24/09/1992', -1, -1, -1, -1, 1759.81, -1855.6, 13.7141, 290.582, 0, 0, 97, 0, 99, 100, 99, 0, 0, 0, 0, 0, 0, 0, 0, -1, 0, 0, 0, 0, 0, 0, 0, 0, 0, 0, 0, 0, 0, 0, 0, 0, 0, 0, 0, 0, 0, 0, 0, 0, 0, 0, 0, 0, 0, 0, 0, 0, 0, 0, 0, 0, 0, 0, 0, 0, 0, 0, 0, 0, 0, 0, 0, 0, 0, 0, 0, 0, 0, 1, 0, 0, 0, 0, 0, 0, 0, 0, 0, 0, 0, 0, 0, 0, 0, 0, 0, 0, 0, 0, 0, 0, 0, 0, 0, 0, 0, 0, 0, 0, 100, 100, 100, 100, 100, 100, 0, 0, 0, 0, 0, 0, 0, 0, 0, 0, 0, 0, 0, 0, 0, 0, 0, 0, 0, 0, 0, 0, 0, 0, 0, 0, 0, 0, 0, 0, 'None'),
(3, 'Jhono_Yoo', 'Jhono', 'None', '', '36.81.186.169', 'None', 0, 6, 0, 0, 0, 0, 0, 5, 2, 0, 0, 0, '2022-06-03 06:30:28', '2022-06-11 04:52:08', 97000, 0, 200, 566664, 0, 0, 0, 0, 0, 0, 0, 0, 0, 2, 2, 31, 7351, 299, 0, 1, '20/12/1998', -1, 3, -1, -1, 1228.97, -1427.36, 13.8588, 222.667, 0, 0, 100, 0, 58, 100, 37, 0, 0, 0, 0, 0, 5, 13, 5, -1, 0, 0, 0, 0, 0, 0, 0, 0, 0, 0, 0, 0, 0, 0, 0, 0, 0, 0, 0, 0, 0, 0, 0, 0, 0, 0, 0, 0, 0, 0, 0, 0, 0, 0, 20, 0, 0, 0, 0, 0, 0, 0, 0, 0, 3, 10, 9, 0, 0, 0, 0, 0, 0, 1, 0, 0, 0, 0, 0, 0, 0, 0, 0, 30, 0, 0, 0, 0, 0, 0, 0, 0, 0, 0, 0, 0, 59, 0, 0, 0, 0, 0, 0, 0, 100, 97, 100, 100, 97, 99, 0, 0, 0, 0, 0, 0, 0, 0, 0, 0, 0, 0, 0, 0, 0, 0, 0, 0, 0, 0, 0, 0, 0, 0, 0, 0, 0, 0, 7, 15, 'Emmilia Charlotte'),
(4, 'Isac_Guillen', 'Isac', 'None', '', '255.255.255.255', 'None', 0, 0, 0, 0, 0, 0, 0, 1, 0, 0, 0, 0, '2022-06-03 06:31:15', '2022-06-06 04:15:17', 250, 0, 200, 803017, 0, 0, 0, 0, 0, 0, 0, 0, 0, 0, 23, 45, 1425, 6, 0, 1, '16/03/1999', -1, -1, -1, -1, 1136.68, -1716.59, 13.9753, 331.154, 0, 0, 100, 0, 93, 100, 90, 0, 0, 0, 0, 0, 0, 0, 0, -1, 0, 0, 0, 0, 0, 0, 0, 0, 0, 0, 0, 0, 0, 0, 0, 0, 0, 0, 0, 0, 0, 0, 0, 0, 0, 0, 0, 0, 0, 0, 0, 0, 0, 0, 0, 0, 0, 0, 0, 0, 0, 0, 0, 0, 0, 0, 0, 0, 0, 0, 0, 0, 0, 1, 0, 0, 0, 0, 0, 0, 0, 0, 0, 31, 0, 0, 0, 0, 0, 0, 0, 0, 0, 0, 0, 0, 33, 0, 0, 0, 0, 0, 0, 0, 60, 100, 100, 100, 100, 100, 0, 0, 0, 0, 0, 0, 0, 0, 0, 0, 0, 0, 0, 0, 0, 0, 0, 0, 0, 0, 0, 0, 0, 0, 0, 0, 0, 0, 0, 0, 'None'),
(5, 'Aaron_Richard', 'RV0', 'Revo', '', '111.94.193.109', 'reevoanakugi@gmail.com', 0, 8, 0, 0, 0, 0, 0, 99, 1, 3, 0, 0, '2022-07-19 10:25:05', '2022-07-20 10:08:38', 91500, 0, 200, 172546, 0, 2321, 1, 9962000, 40, 1, 1, 0, 1, 1, 18, 47, 4727, 6, 121, 1, '13/01/1998', -1, -1, -1, -1, 1340.52, -1274, 13.6828, 3.57889, 0, 0, 100, 0, 91, 100, 87, 0, 0, 0, 1, 2769, 1, 13, 1, -1, 0, 0, 0, 0, 0, 0, 0, 0, 0, 0, 0, 0, 0, 0, 0, 0, 0, 0, 0, 0, 0, 0, 0, 0, 0, 0, 0, 0, 0, 1, 0, 0, 0, 0, 0, 0, 0, 0, 0, 0, 0, 0, 0, 0, 0, 0, 0, 1, 1660818475, 1, 1660819148, 0, 0, 1, 0, 0, 0, 0, 0, 0, 24, 25, 0, 31, 0, 0, 0, 0, 0, 0, 0, 0, 0, 215, 191, 0, 103, 0, 0, 0, 0, 0, 0, 0, 100, 82, 86, 96, 100, 100, 0, 0, 0, 1, 0, 0, 0, 0, 0, 0, 0, 0, 0, 0, 0, 0, 0, 0, 0, 0, 0, 0, 0, 0, 0, 0, 0, 0, 0, 0, 'None'),
(6, 'Leoz_Maurice', 'LeozXyz', 'Leoz', '', '180.241.176.43', 'None', 0, 6, 0, 0, 0, 0, 0, 99999, 0, 0, 0, 9999999, '2022-07-19 10:25:18', '2022-07-20 09:58:23', 77777777, 0, 200, 525397, 0, 0, 0, 0, 0, 0, 0, 0, 0, 0, 29, 14, 1754, 29, 285, 1, '14/06/2000', -1, -1, -1, -1, 1350.19, -1092.06, 24.3997, 192.709, 0, 0, 100, 0, 92, 100, 90, 0, 0, 0, 1, 267, 1, 13, 1, -1, 0, 0, 0, 0, 0, 0, 0, 0, 0, 0, 0, 0, 0, 0, 0, 0, 0, 0, 0, 0, 0, 0, 0, 0, 0, 0, 0, 0, 0, 0, 0, 8388607, 0, 0, 0, 0, 0, 0, 0, 0, 0, 0, 0, 0, 0, 0, 0, 0, 0, 0, 0, 0, 0, 1, 0, 0, 0, 0, 0, 0, 0, 0, 0, 31, 0, 0, 0, 0, 0, 0, 0, 0, 0, 0, 0, 0, 373, 0, 0, 0, 0, 0, 0, 0, 100, 71, 92, 100, 100, 100, 0, 0, 0, 0, 0, 0, 0, 0, 0, 0, 0, 0, 0, 0, 0, 0, 0, 0, 0, 0, 0, 0, 0, 0, 0, 0, 0, 0, 0, 0, 'None'),
(7, 'Willams_Dempterx', 'Dempterx', 'None', '', '125.160.160.146', 'None', 0, 0, 0, 0, 0, 0, 0, 1, 0, 0, 0, 0, '2022-07-19 10:45:04', '2022-07-19 10:45:27', 250, 0, 200, 784036, 0, 0, 0, 0, 0, 0, 0, 0, 0, 0, 0, 21, 21, 100, 0, 1, '14/4/1990', -1, -1, -1, -1, 1716.11, -1880.07, -9.7, 270, 0, 0, 100, 0, 100, 100, 100, 0, 0, 0, 0, 0, 0, 0, 0, -1, 0, 0, 0, 0, 0, 0, 0, 0, 0, 0, 0, 0, 0, 0, 0, 0, 0, 0, 0, 0, 0, 0, 0, 0, 0, 0, 0, 0, 0, 0, 0, 0, 0, 0, 0, 0, 0, 0, 0, 0, 0, 0, 0, 0, 0, 0, 0, 0, 0, 0, 0, 0, 0, 1, 0, 0, 0, 0, 0, 0, 0, 0, 0, 0, 0, 0, 0, 0, 0, 0, 0, 0, 0, 0, 0, 0, 0, 0, 0, 0, 0, 0, 0, 0, 100, 100, 100, 100, 100, 100, 0, 0, 0, 0, 0, 0, 0, 0, 0, 0, 0, 0, 0, 0, 0, 0, 0, 0, 0, 0, 0, 0, 0, 0, 0, 0, 0, 0, 0, 0, 'None'),
(8, 'Komang_Agus', 'Komang', 'Komang', '', '182.253.132.30', 'None', 0, 6, 0, 0, 0, 0, 0, 6, 0, 0, 0, 0, '2022-07-19 11:04:36', '2022-07-20 08:05:07', 7931, 0, 200, 805911, 0, 8797, 1, 9962000, 20, 1, 1, 0, 1, 0, 48, 20, 2900, 246, 0, 1, '07/08/1995', -1, -1, -1, -1, 1322.37, -923.325, 37.6157, 14.0676, 0, 0, 159, 0, 88, 100, 84, 0, 0, 0, 0, 0, 0, 0, 0, -1, 0, 0, 0, 0, 0, 0, 0, 0, 0, 0, 0, 0, 0, 0, 0, 0, 0, 0, 0, 0, 0, 0, 0, 0, 1, 0, 0, 0, 0, 1, 0, 0, 0, 0, 0, 0, 0, 0, 0, 0, 0, 0, 0, 0, 1, 0, 0, 0, 0, 0, 0, 0, 0, 1, 0, 0, 0, 0, 1, 5, 0, 0, 0, 0, 0, 37, 18, 0, 0, 0, 0, 1, 1, 0, 0, 0, 0, 0, 200, 200, 0, 0, 0, 0, 40, 46, 99, 78, 100, 100, 0, 0, 0, 0, 0, 0, 0, 0, 0, 0, 0, 0, 0, 0, 0, 0, 0, 0, 0, 0, 0, 0, 0, 0, 0, 0, 0, 0, 0, 0, 'None'),
(9, 'Vladimir_Macintosh', 'Kiky7', 'None', '', '140.213.64.9', 'None', 0, 1, 0, 0, 0, 0, 0, 1, 0, 0, 0, 0, '2022-07-19 12:26:34', '2022-07-19 15:21:51', 250, 0, 200, 565553, 0, 0, 0, 0, 0, 0, 0, 0, 0, 0, 10, 52, 652, 299, 0, 1, '03/07/2000', -1, -1, -1, -1, 1830.94, -1844.09, 13.8781, 83.9436, 0, 0, 98, 0, 98, 100, 96, 0, 0, 0, 0, 0, 0, 0, 0, -1, 0, 0, 0, 0, 0, 0, 0, 0, 0, 0, 0, 0, 0, 0, 0, 0, 0, 0, 0, 0, 0, 0, 0, 0, 0, 0, 0, 0, 0, 0, 0, 0, 0, 0, 0, 0, 0, 0, 0, 0, 0, 0, 0, 0, 0, 0, 0, 0, 0, 0, 0, 0, 0, 1, 0, 0, 0, 0, 0, 0, 0, 0, 0, 0, 0, 0, 0, 0, 0, 0, 0, 0, 0, 0, 0, 0, 0, 0, 0, 0, 0, 0, 0, 0, 100, 100, 100, 100, 100, 100, 0, 0, 0, 0, 0, 0, 0, 0, 0, 0, 0, 0, 0, 0, 0, 0, 0, 0, 0, 0, 0, 0, 0, 0, 0, 0, 0, 0, 0, 0, 'None'),
(10, 'Ahmad_Rojali', 'Navaex', 'None', '', '120.188.36.244', 'None', 0, 6, 0, 0, 0, 0, 0, 1, 0, 0, 0, 0, '2022-07-20 10:01:11', '2022-07-20 10:53:48', 250, 0, 200, 960787, 0, 0, 0, 0, 0, 0, 0, 0, 0, 0, 7, 38, 458, 6, 0, 1, '06/05/1994', 16, -1, -1, -1, 1346.48, -1263.57, 15.2441, 272.668, 0, 5, 125, 0, 99, 100, 99, 0, 0, 1, 0, 0, 0, 0, 0, -1, 0, 0, 0, 0, 0, 0, 0, 0, 0, 0, 0, 0, 0, 0, 0, 0, 0, 0, 0, 0, 0, 0, 0, 0, 0, 0, 0, 0, 0, 0, 0, 0, 0, 0, 0, 0, 0, 0, 0, 0, 0, 0, 0, 0, 0, 0, 0, 0, 0, 0, 0, 0, 0, 1, 0, 0, 0, 0, 0, 0, 0, 0, 0, 0, 0, 0, 0, 0, 0, 0, 0, 0, 0, 0, 0, 0, 0, 0, 0, 0, 0, 0, 0, 0, -220, 83, 100, 95, 94, 100, 0, 0, 0, 0, 0, 0, 0, 0, 0, 0, 0, 0, 0, 0, 0, 0, 0, 0, 0, 0, 0, 0, 0, 0, 0, 0, 0, 0, 0, 0, 'None'),
(11, 'Lixans_Washington', 'Lixans', '..', '', '255.255.255.255', 'None', 0, 6, 0, 0, 0, 0, 0, 10000, 0, 0, 0, 10000, '2022-07-20 10:07:22', '2022-07-20 11:04:06', 409975408, 0, 200, 926928, 0, 0, 0, 0, 0, 0, 0, 0, 0, 0, 50, 16, 3016, 2, 70, 1, '15/04/1998', -1, -1, -1, -1, 1333.02, -1266.15, 13.8469, 90.4743, 0, 0, 95, 76, 82, 100, 76, 0, 0, 0, 1, 1504, 4, 13, 0, -1, 0, 0, 0, 0, 0, 0, 0, 0, 0, 0, 0, 0, 0, 0, 0, 0, 0, 0, 0, 0, 0, 0, 0, 0, 0, 0, 0, 0, 5, 0, 0, 0, 0, 0, 0, 0, 0, 0, 0, 0, 0, 0, 0, 0, 0, 0, 0, 0, 0, 0, 0, 0, 0, 1, 0, 0, 0, 0, 0, 3, 24, 0, 29, 0, 0, 0, 0, 42, 0, 46, 0, 0, 200, 198, 0, 170, 0, 0, 0, 0, 200, 0, 1, 0, 77, 100, 91, 94, 92, 91, 0, 0, 0, 0, 0, 0, 0, 0, 0, 0, 0, 0, 0, 0, 0, 0, 0, 0, 0, 0, 0, 0, 0, 0, 0, 0, 0, 0, 0, 0, 'None');

-- --------------------------------------------------------

--
-- Table structure for table `playerucp`
--

CREATE TABLE `playerucp` (
  `ID` int(11) NOT NULL,
  `ucp` varchar(22) NOT NULL,
  `verifycode` int(11) NOT NULL,
  `DiscordID` bigint(20) NOT NULL,
  `password` varchar(64) NOT NULL,
  `salt` varchar(16) NOT NULL,
  `extrac` int(11) NOT NULL
) ENGINE=InnoDB DEFAULT CHARSET=utf8;

--
-- Dumping data for table `playerucp`
--

INSERT INTO `playerucp` (`ID`, `ucp`, `verifycode`, `DiscordID`, `password`, `salt`, `extrac`) VALUES
(1, 'Arch', 6969, 0, '7CFAD3C0D780EE538D244BF649688EA525E342CBDB957AF26CB5BE62DDD86A94', 'li#q\'6/zI`.`r!Q$', 0),
(2, 'Test', 2222, 0, 'BD370C8E7068C9EBF3C35BDEB504CC7D04F2448EBFEA1CB6682DACA8A814BFDB', 'xR@6!]+*-V(TdzOf', 0),
(3, 'Jhono', 2222, 0, '82E6FC85BB95E3479754D75EB2AD15F90B3A90267C83F6F06CB882DDD20D26C7', 'LM&tNQ.}83H7J>fU', 0),
(4, 'Isac', 2222, 0, 'B02180E6BDB74C6B538F8CCCEB4E98E87A2CDBBDC0D7F67D3E3DEF84B0D4636A', '+0UkUMSuBd^Nd3,*', 0),
(5, 'RV0', 976633, 747417217054015559, '495B7F074B3616F389CC285E7905B4F60C7B09EA0987E7BC5C0D6FE5DD1E2A00', 'g%=j/%\'`,[v\"&f:x', 0),
(6, 'LeozXyz', 468592, 969182944667250698, '518C90111F3C745D0257D6DE446EDBD7D2D9E05427B3F7EBF697CDF1062B8790', '>h9%muO*6}\"-*X<:', 0),
(7, 'Dempterx', 409565, 772801383132430337, '83211638419DE55E889E97DC0B87FE4097E7BE4C5085F970310177B4F4710532', 'pdmks;\\N3{LcHGF]', 0),
(8, 'Komang', 269074, 712543915655299135, '397FC6273D5FD92F72D84DF3001DDCACBAA69A3730BB06273DE6341B8C8A06FE', ')aJxQd{m~jHqg#qO', 0),
(9, 'Rexx', 398845, 962801456648450119, '', '', 0),
(10, 'Kiky7', 845182, 821000933931876393, 'F205E58C35E5F962F7EA0AE4061CFDC840088A3754C8030A1D7DB7105B20EF68', '`bo0ZQrPB\'?pZs\"(', 0),
(11, 'meong', 234199, 536711440732651520, '', '', 0),
(12, 'rv2', 494591, 797895320653529098, '', '', 0),
(13, 'Gohuin', 277543, 908931695460360213, '', '', 0),
(14, 'Navaex', 861716, 759696026273185833, '9BE86768289D4CA02154B3A04327BD6DDF3F89D5B718E37306F918B63DDC8648', 'A7(|j[$YWA*!XA\'?', 0),
(15, 'Lixans', 360718, 906135935924703332, 'FF0BD6B6E358C7EF84C3BA63E3DF8C000855C18132DCBA32A1A979400D714DFB', 'EyHLue98QV,aO$Rs', 0);

-- --------------------------------------------------------

--
-- Table structure for table `reports`
--

CREATE TABLE `reports` (
  `ID` int(11) NOT NULL,
  `Reporter` varchar(24) NOT NULL,
  `Reason` varchar(200) NOT NULL,
  `Date` varchar(30) NOT NULL,
  `Accepted` int(11) NOT NULL
) ENGINE=InnoDB DEFAULT CHARSET=latin1;

-- --------------------------------------------------------

--
-- Table structure for table `salary`
--

CREATE TABLE `salary` (
  `id` bigint(20) NOT NULL,
  `owner` int(11) DEFAULT 0,
  `info` varchar(46) DEFAULT '',
  `money` int(11) NOT NULL DEFAULT 0,
  `date` varchar(36) DEFAULT ''
) ENGINE=MyISAM DEFAULT CHARSET=latin1;

--
-- Dumping data for table `salary`
--

INSERT INTO `salary` (`id`, `owner`, `info`, `money`, `date`) VALUES
(0, 1, 'Sidejob(Sweeper)', 100, '2022-05-17 18:19:12'),
(0, 6, 'Sidejob(Sweeper)', 100, '2022-05-17 18:20:33'),
(0, 6, 'Job(Baggage)', 400, '2022-05-17 19:16:22'),
(0, 1, 'Sidejob(Sweeper)', 100, '2022-05-17 18:19:12'),
(0, 6, 'Sidejob(Sweeper)', 100, '2022-05-17 18:20:33'),
(0, 6, 'Job(Baggage)', 400, '2022-05-17 19:16:22'),
(0, 5, 'Duty(SAPD)', 1500, '2022-07-19 17:24:01'),
(0, 5, 'Duty(SAPD)', 1500, '2022-07-19 18:29:25'),
(0, 5, 'Duty(SAPD)', 1500, '2022-07-19 19:34:51'),
(0, 5, 'Duty(SAPD)', 1500, '2022-07-19 20:40:16'),
(0, 5, 'Duty(SAPD)', 1500, '2022-07-19 21:45:43'),
(0, 5, 'Duty(SAPD)', 1500, '2022-07-19 22:51:10');

-- --------------------------------------------------------

--
-- Table structure for table `server`
--

CREATE TABLE `server` (
  `id` int(11) NOT NULL DEFAULT 0,
  `servermoney` int(11) NOT NULL DEFAULT 0,
  `material` int(11) NOT NULL DEFAULT 500,
  `materialprice` int(11) NOT NULL DEFAULT 10,
  `lumberprice` int(11) NOT NULL DEFAULT 800,
  `component` int(11) NOT NULL DEFAULT 500,
  `componentprice` int(11) NOT NULL DEFAULT 10,
  `metalprice` int(11) NOT NULL DEFAULT 500,
  `gasoil` int(11) NOT NULL DEFAULT 1000,
  `gasoilprice` int(11) NOT NULL DEFAULT 10,
  `coalprice` int(11) NOT NULL DEFAULT 500,
  `product` int(11) NOT NULL DEFAULT 500,
  `productprice` int(11) NOT NULL DEFAULT 20,
  `apotek` int(11) NOT NULL DEFAULT 500,
  `medicineprice` int(11) NOT NULL DEFAULT 300,
  `medkitprice` int(11) NOT NULL DEFAULT 500,
  `food` int(11) NOT NULL DEFAULT 500,
  `foodprice` int(11) NOT NULL DEFAULT 100,
  `seedprice` int(11) NOT NULL DEFAULT 10,
  `potatoprice` int(11) NOT NULL DEFAULT 10,
  `wheatprice` int(11) NOT NULL DEFAULT 10,
  `orangeprice` int(11) NOT NULL DEFAULT 10,
  `marijuana` int(11) NOT NULL DEFAULT 500,
  `marijuanaprice` int(11) NOT NULL DEFAULT 10,
  `fishprice` int(11) NOT NULL DEFAULT 100,
  `gstationprice` int(11) NOT NULL DEFAULT 100,
  `obatmyr` int(11) NOT NULL DEFAULT 0,
  `obatprice` int(11) NOT NULL DEFAULT 0,
  `crateforklift` int(11) NOT NULL DEFAULT 0,
  `cratekurir` int(11) NOT NULL DEFAULT 0,
  `paper` int(11) NOT NULL DEFAULT 0,
  `paperprice` int(11) NOT NULL DEFAULT 0,
  `hgschema` int(11) NOT NULL DEFAULT 0,
  `arschema` int(11) NOT NULL DEFAULT 0,
  `smgschema` int(11) NOT NULL DEFAULT 0,
  `hgprice` int(11) NOT NULL DEFAULT 70,
  `arprice` int(11) NOT NULL DEFAULT 220,
  `smgprice` int(11) NOT NULL DEFAULT 200,
  `crate_fish` int(11) NOT NULL DEFAULT 4000,
  `crate_compo` int(11) NOT NULL DEFAULT 5000,
  `crate_material` int(11) NOT NULL DEFAULT 1000,
  `fish_stock` int(11) NOT NULL DEFAULT 1000,
  `crack` int(11) NOT NULL DEFAULT 200,
  `crackprice` int(11) NOT NULL DEFAULT 100,
  `ayamfill` int(11) NOT NULL DEFAULT 400,
  `ayamfillprice` int(11) NOT NULL DEFAULT 80,
  `pedagang` mediumint(9) NOT NULL DEFAULT 5000
) ENGINE=MyISAM DEFAULT CHARSET=latin1;

--
-- Dumping data for table `server`
--

INSERT INTO `server` (`id`, `servermoney`, `material`, `materialprice`, `lumberprice`, `component`, `componentprice`, `metalprice`, `gasoil`, `gasoilprice`, `coalprice`, `product`, `productprice`, `apotek`, `medicineprice`, `medkitprice`, `food`, `foodprice`, `seedprice`, `potatoprice`, `wheatprice`, `orangeprice`, `marijuana`, `marijuanaprice`, `fishprice`, `gstationprice`, `obatmyr`, `obatprice`, `crateforklift`, `cratekurir`, `paper`, `paperprice`, `hgschema`, `arschema`, `smgschema`, `hgprice`, `arprice`, `smgprice`, `crate_fish`, `crate_compo`, `crate_material`, `fish_stock`, `crack`, `crackprice`, `ayamfill`, `ayamfillprice`, `pedagang`) VALUES
(0, 1443067123, 200, 4, 80, 400, 2, 85, 264085, 3, 75, 29896, 8, 100000, 200, 300, 37, 2, 5, 10, 382, 100, 1020, 30, 4995, 35, 10000, 128, 99, 30, 200, 0, 0, 10, 5, 220, 70, 200, 200, 200, 1, 4000, 24, 1000, 900, 70, 5000);

-- --------------------------------------------------------

--
-- Table structure for table `speedcameras`
--

CREATE TABLE `speedcameras` (
  `speedID` int(11) NOT NULL,
  `speedRange` float DEFAULT 0,
  `speedLimit` float DEFAULT 0,
  `speedX` float DEFAULT 0,
  `speedY` float DEFAULT 0,
  `speedZ` float DEFAULT 0,
  `speedAngle` float DEFAULT 0
) ENGINE=InnoDB DEFAULT CHARSET=utf8;

--
-- Dumping data for table `speedcameras`
--

INSERT INTO `speedcameras` (`speedID`, `speedRange`, `speedLimit`, `speedX`, `speedY`, `speedZ`, `speedAngle`) VALUES
(0, 15, 50, 156.846, -1575.49, 11.0201, 226.417),
(1, 10, 90, 1350.01, -1417.63, 12.3468, 355.13),
(2, 15, 100, 1369.77, -955.765, 33.1849, 172.215),
(3, 30, 100, 34.9394, -664.113, 2.6137, 39.2421);

-- --------------------------------------------------------

--
-- Table structure for table `toys`
--

CREATE TABLE `toys` (
  `Id` int(11) NOT NULL,
  `Owner` varchar(40) NOT NULL DEFAULT '',
  `Slot0_Model` int(11) NOT NULL DEFAULT 0,
  `Slot0_Bone` int(11) NOT NULL DEFAULT 0,
  `Slot0_Status` int(11) NOT NULL DEFAULT 0,
  `Slot0_XPos` float(20,3) NOT NULL DEFAULT 0.000,
  `Slot0_YPos` float(20,3) NOT NULL DEFAULT 0.000,
  `Slot0_ZPos` float(20,3) NOT NULL DEFAULT 0.000,
  `Slot0_XRot` float(20,3) NOT NULL DEFAULT 0.000,
  `Slot0_YRot` float(20,3) NOT NULL DEFAULT 0.000,
  `Slot0_ZRot` float(20,3) NOT NULL DEFAULT 0.000,
  `Slot0_XScale` float(20,3) NOT NULL DEFAULT 0.000,
  `Slot0_YScale` float(20,3) NOT NULL DEFAULT 0.000,
  `Slot0_ZScale` float(20,3) NOT NULL DEFAULT 0.000,
  `Slot1_Model` int(11) NOT NULL DEFAULT 0,
  `Slot1_Bone` int(11) NOT NULL DEFAULT 0,
  `Slot1_Status` int(11) NOT NULL DEFAULT 0,
  `Slot1_XPos` float(20,3) NOT NULL DEFAULT 0.000,
  `Slot1_YPos` float(20,3) NOT NULL DEFAULT 0.000,
  `Slot1_ZPos` float(20,3) NOT NULL DEFAULT 0.000,
  `Slot1_XRot` float(20,3) NOT NULL DEFAULT 0.000,
  `Slot1_YRot` float(20,3) NOT NULL DEFAULT 0.000,
  `Slot1_ZRot` float(20,3) NOT NULL DEFAULT 0.000,
  `Slot1_XScale` float(20,3) NOT NULL DEFAULT 0.000,
  `Slot1_YScale` float(20,3) NOT NULL DEFAULT 0.000,
  `Slot1_ZScale` float(20,3) NOT NULL DEFAULT 0.000,
  `Slot2_Model` int(11) NOT NULL DEFAULT 0,
  `Slot2_Bone` int(11) NOT NULL DEFAULT 0,
  `Slot2_Status` int(11) NOT NULL DEFAULT 0,
  `Slot2_XPos` float(20,3) NOT NULL DEFAULT 0.000,
  `Slot2_YPos` float(20,3) NOT NULL DEFAULT 0.000,
  `Slot2_ZPos` float(20,3) NOT NULL DEFAULT 0.000,
  `Slot2_XRot` float(20,3) NOT NULL DEFAULT 0.000,
  `Slot2_YRot` float(20,3) NOT NULL DEFAULT 0.000,
  `Slot2_ZRot` float(20,3) NOT NULL DEFAULT 0.000,
  `Slot2_XScale` float(20,3) NOT NULL DEFAULT 0.000,
  `Slot2_YScale` float(20,3) NOT NULL DEFAULT 0.000,
  `Slot2_ZScale` float(20,3) NOT NULL DEFAULT 0.000,
  `Slot3_Model` int(11) NOT NULL DEFAULT 0,
  `Slot3_Bone` int(11) NOT NULL DEFAULT 0,
  `Slot3_Status` int(11) NOT NULL DEFAULT 0,
  `Slot3_XPos` float(20,3) NOT NULL DEFAULT 0.000,
  `Slot3_YPos` float(20,3) NOT NULL DEFAULT 0.000,
  `Slot3_ZPos` float(20,3) NOT NULL DEFAULT 0.000,
  `Slot3_XRot` float(20,3) NOT NULL DEFAULT 0.000,
  `Slot3_YRot` float(20,3) NOT NULL DEFAULT 0.000,
  `Slot3_ZRot` float(20,3) NOT NULL DEFAULT 0.000,
  `Slot3_XScale` float(20,3) NOT NULL DEFAULT 0.000,
  `Slot3_YScale` float(20,3) NOT NULL DEFAULT 0.000,
  `Slot3_ZScale` float(20,3) NOT NULL DEFAULT 0.000,
  `Slot4_Model` int(11) NOT NULL DEFAULT 0,
  `Slot4_Bone` int(11) NOT NULL DEFAULT 0,
  `Slot4_Status` int(11) NOT NULL DEFAULT 0,
  `Slot4_XPos` float(20,3) NOT NULL DEFAULT 0.000,
  `Slot4_YPos` float(20,3) NOT NULL DEFAULT 0.000,
  `Slot4_ZPos` float(20,3) NOT NULL DEFAULT 0.000,
  `Slot4_XRot` float(20,3) NOT NULL DEFAULT 0.000,
  `Slot4_YRot` float(20,3) NOT NULL DEFAULT 0.000,
  `Slot4_ZRot` float(20,3) NOT NULL DEFAULT 0.000,
  `Slot4_XScale` float(20,3) NOT NULL DEFAULT 0.000,
  `Slot4_YScale` float(20,3) NOT NULL DEFAULT 0.000,
  `Slot4_ZScale` float(20,3) NOT NULL DEFAULT 0.000,
  `Slot5_Model` int(11) NOT NULL DEFAULT 0,
  `Slot5_Bone` int(11) NOT NULL DEFAULT 0,
  `Slot5_Status` int(11) NOT NULL DEFAULT 0,
  `Slot5_XPos` float(20,3) NOT NULL DEFAULT 0.000,
  `Slot5_YPos` float(20,3) NOT NULL DEFAULT 0.000,
  `Slot5_ZPos` float(20,3) NOT NULL DEFAULT 0.000,
  `Slot5_XRot` float(20,3) NOT NULL DEFAULT 0.000,
  `Slot5_YRot` float(20,3) NOT NULL DEFAULT 0.000,
  `Slot5_ZRot` float(20,3) NOT NULL DEFAULT 0.000,
  `Slot5_XScale` float(20,3) NOT NULL DEFAULT 0.000,
  `Slot5_YScale` float(20,3) NOT NULL DEFAULT 0.000,
  `Slot5_ZScale` float(20,3) NOT NULL DEFAULT 0.000
) ENGINE=MyISAM DEFAULT CHARSET=latin1;

--
-- Dumping data for table `toys`
--

INSERT INTO `toys` (`Id`, `Owner`, `Slot0_Model`, `Slot0_Bone`, `Slot0_Status`, `Slot0_XPos`, `Slot0_YPos`, `Slot0_ZPos`, `Slot0_XRot`, `Slot0_YRot`, `Slot0_ZRot`, `Slot0_XScale`, `Slot0_YScale`, `Slot0_ZScale`, `Slot1_Model`, `Slot1_Bone`, `Slot1_Status`, `Slot1_XPos`, `Slot1_YPos`, `Slot1_ZPos`, `Slot1_XRot`, `Slot1_YRot`, `Slot1_ZRot`, `Slot1_XScale`, `Slot1_YScale`, `Slot1_ZScale`, `Slot2_Model`, `Slot2_Bone`, `Slot2_Status`, `Slot2_XPos`, `Slot2_YPos`, `Slot2_ZPos`, `Slot2_XRot`, `Slot2_YRot`, `Slot2_ZRot`, `Slot2_XScale`, `Slot2_YScale`, `Slot2_ZScale`, `Slot3_Model`, `Slot3_Bone`, `Slot3_Status`, `Slot3_XPos`, `Slot3_YPos`, `Slot3_ZPos`, `Slot3_XRot`, `Slot3_YRot`, `Slot3_ZRot`, `Slot3_XScale`, `Slot3_YScale`, `Slot3_ZScale`, `Slot4_Model`, `Slot4_Bone`, `Slot4_Status`, `Slot4_XPos`, `Slot4_YPos`, `Slot4_ZPos`, `Slot4_XRot`, `Slot4_YRot`, `Slot4_ZRot`, `Slot4_XScale`, `Slot4_YScale`, `Slot4_ZScale`, `Slot5_Model`, `Slot5_Bone`, `Slot5_Status`, `Slot5_XPos`, `Slot5_YPos`, `Slot5_ZPos`, `Slot5_XRot`, `Slot5_YRot`, `Slot5_ZRot`, `Slot5_XScale`, `Slot5_YScale`, `Slot5_ZScale`) VALUES
(0, 'Lovic_Hug', 11745, 2, 1, 0.000, 0.000, 0.000, 0.000, 0.000, 0.000, 1.000, 1.000, 1.000, 0, 1, 1, 0.000, 0.000, 0.000, 0.000, 0.000, 0.000, 1.000, 1.000, 1.000, 0, 1, 1, 0.000, 0.000, 0.000, 0.000, 0.000, 0.000, 1.000, 1.000, 1.000, 0, 1, 1, 0.000, 0.000, 0.000, 0.000, 0.000, 0.000, 1.000, 1.000, 1.000, 0, 0, 0, 0.000, 0.000, 0.000, 0.000, 0.000, 0.000, 0.000, 0.000, 0.000, 0, 0, 0, 0.000, 0.000, 0.000, 0.000, 0.000, 0.000, 0.000, 0.000, 0.000);

-- --------------------------------------------------------

--
-- Table structure for table `trees`
--

CREATE TABLE `trees` (
  `id` int(11) NOT NULL,
  `posx` float DEFAULT NULL,
  `posy` float DEFAULT NULL,
  `posz` float DEFAULT NULL,
  `posrx` float DEFAULT NULL,
  `posry` float DEFAULT NULL,
  `posrz` float DEFAULT NULL
) ENGINE=MyISAM DEFAULT CHARSET=latin1;

--
-- Dumping data for table `trees`
--

INSERT INTO `trees` (`id`, `posx`, `posy`, `posz`, `posrx`, `posry`, `posrz`) VALUES
(0, -523.63, -2247.73, 34.5218, 0, 0, 0),
(1, -623.954, -2261.36, 23.9413, 0, 0, 0),
(2, -628.714, -2394, 29.5843, 0, 0, 0),
(3, -735.625, -2254.4, 27.5423, 0, 0, 0),
(4, -657.756, -2140.98, 24.2563, 0, 0, 0),
(5, -654.44, -2074.7, 25.9842, 0, 0, 0),
(6, -546.637, -1999.71, 48.0892, 0, 0, 0),
(7, -731.541, -2189.38, 34.526, 0, 0, 0),
(8, -732.679, -2200.2, 34.5699, 0, 0, 0),
(9, -739.308, -2193.72, 34.6548, 0, 0, 0),
(10, -865.874, -2199.14, 29.0169, 0, 0, 0),
(11, -814.336, -2247.82, 37.77, 0, 0, 0),
(12, -878.67, -2367.51, 68.2969, 0, 0, 0),
(13, -861.714, -2381.68, 69.0388, 0, 0, 0),
(14, -972.936, -2322.47, 62.7628, 0, 0, 0),
(15, -1043.86, -2303.47, 55.4699, 0, 0, 0),
(16, -979.795, -2391.9, 70.2428, 0, 0, 0),
(17, -928.635, -2531.78, 114.824, 0, 0, 0),
(18, -928.943, -2555.48, 114.897, 0, 0, 0),
(19, -889.914, -2502.48, 110.088, 0, 0, 0),
(20, -874.672, -2612.06, 95.074, 0, 0, 0),
(21, -622.4, -2263.39, 23.9615, 0, 0, 0),
(22, -552.445, -2272.94, 28.3696, 0, 0, 0),
(23, -1065.08, -2548.24, 68.1407, 0, 0, 0),
(24, -744.504, -2441.61, 65.1923, 0, 0, 0),
(25, -818.597, -2657.71, 91.0869, 0, 0, 0),
(26, -734.419, -2690.28, 86.7166, 0, 0, 0),
(27, -686.676, -2630.36, 82.9661, 0, 0, 0),
(28, -707.708, -2695.28, 91.3966, 0, 0, 0),
(29, -757.89, -2538.72, 90.0414, 0, 0, 0),
(30, -748.443, -2509.77, 81.1096, 0, 0, 0);

-- --------------------------------------------------------

--
-- Table structure for table `vehicle`
--

CREATE TABLE `vehicle` (
  `id` int(10) UNSIGNED NOT NULL,
  `owner` int(11) NOT NULL,
  `model` int(11) NOT NULL DEFAULT 0,
  `color1` int(11) NOT NULL DEFAULT 0,
  `color2` int(11) NOT NULL DEFAULT 0,
  `paintjob` int(11) NOT NULL DEFAULT -1,
  `neon` int(11) NOT NULL DEFAULT 0,
  `locked` int(11) NOT NULL DEFAULT 0,
  `insu` int(11) NOT NULL DEFAULT 1,
  `claim` int(11) NOT NULL DEFAULT 0,
  `claim_time` bigint(20) NOT NULL DEFAULT 0,
  `plate` varchar(50) NOT NULL DEFAULT 'None',
  `plate_time` bigint(20) NOT NULL DEFAULT 0,
  `ticket` int(10) UNSIGNED NOT NULL DEFAULT 0,
  `price` int(11) NOT NULL DEFAULT 200000,
  `health` float NOT NULL DEFAULT 1000,
  `fuel` int(11) NOT NULL DEFAULT 1000,
  `x` float NOT NULL DEFAULT 0,
  `y` float NOT NULL DEFAULT 0,
  `z` float NOT NULL DEFAULT 0,
  `a` float NOT NULL DEFAULT 0,
  `interior` int(11) NOT NULL DEFAULT 0,
  `vw` int(11) NOT NULL DEFAULT 0,
  `damage0` int(11) NOT NULL DEFAULT 0,
  `damage1` int(11) NOT NULL DEFAULT 0,
  `damage2` int(11) NOT NULL DEFAULT 0,
  `damage3` int(11) NOT NULL DEFAULT 0,
  `mod0` int(11) NOT NULL DEFAULT 0,
  `mod1` int(11) NOT NULL DEFAULT 0,
  `mod2` int(11) NOT NULL DEFAULT 0,
  `mod3` int(11) NOT NULL DEFAULT 0,
  `mod4` int(11) NOT NULL DEFAULT 0,
  `mod5` int(11) NOT NULL DEFAULT 0,
  `mod6` int(11) NOT NULL DEFAULT 0,
  `mod7` int(11) NOT NULL DEFAULT 0,
  `mod8` int(11) NOT NULL DEFAULT 0,
  `mod9` int(11) NOT NULL DEFAULT 0,
  `mod10` int(11) NOT NULL DEFAULT 0,
  `mod11` int(11) NOT NULL DEFAULT 0,
  `mod12` int(11) NOT NULL DEFAULT 0,
  `mod13` int(11) NOT NULL DEFAULT 0,
  `mod14` int(11) NOT NULL DEFAULT 0,
  `mod15` int(11) NOT NULL DEFAULT 0,
  `mod16` int(11) NOT NULL DEFAULT 0,
  `lumber` int(11) NOT NULL DEFAULT -1,
  `metal` int(11) NOT NULL DEFAULT 0,
  `coal` int(11) NOT NULL DEFAULT 0,
  `product` int(11) NOT NULL DEFAULT 0,
  `gasoil` int(11) NOT NULL DEFAULT 0,
  `box` int(11) NOT NULL DEFAULT 0,
  `rental` bigint(20) NOT NULL DEFAULT 0,
  `park` int(11) NOT NULL DEFAULT -1,
  `broken` tinyint(1) NOT NULL DEFAULT 0,
  `trunk` int(11) NOT NULL DEFAULT 1,
  `money` int(11) NOT NULL DEFAULT 0,
  `redmoney` int(11) NOT NULL DEFAULT 0,
  `snack` int(11) NOT NULL DEFAULT 0,
  `sprunk` int(11) NOT NULL DEFAULT 0,
  `medicine` int(11) NOT NULL DEFAULT 0,
  `medkit` int(11) NOT NULL DEFAULT 0,
  `bandage` int(11) NOT NULL DEFAULT 0,
  `seed` int(11) NOT NULL DEFAULT 0,
  `material` int(11) NOT NULL DEFAULT 0,
  `component` int(11) NOT NULL DEFAULT 0,
  `marijuana` int(11) NOT NULL DEFAULT 0,
  `weapon1` int(11) DEFAULT 0,
  `ammo1` int(11) DEFAULT 0,
  `weapon2` int(11) DEFAULT 0,
  `ammo2` int(11) DEFAULT 0,
  `weapon3` int(11) DEFAULT 0,
  `ammo3` int(11) DEFAULT 0
) ENGINE=MyISAM DEFAULT CHARSET=latin1;

--
-- Dumping data for table `vehicle`
--

INSERT INTO `vehicle` (`id`, `owner`, `model`, `color1`, `color2`, `paintjob`, `neon`, `locked`, `insu`, `claim`, `claim_time`, `plate`, `plate_time`, `ticket`, `price`, `health`, `fuel`, `x`, `y`, `z`, `a`, `interior`, `vw`, `damage0`, `damage1`, `damage2`, `damage3`, `mod0`, `mod1`, `mod2`, `mod3`, `mod4`, `mod5`, `mod6`, `mod7`, `mod8`, `mod9`, `mod10`, `mod11`, `mod12`, `mod13`, `mod14`, `mod15`, `mod16`, `lumber`, `metal`, `coal`, `product`, `gasoil`, `box`, `rental`, `park`, `broken`, `trunk`, `money`, `redmoney`, `snack`, `sprunk`, `medicine`, `medkit`, `bandage`, `seed`, `material`, `component`, `marijuana`, `weapon1`, `ammo1`, `weapon2`, `ammo2`, `weapon3`, `ammo3`) VALUES
(1, 3, 560, 0, 0, -1, 0, 0, 3, 0, 0, 'NoHave', 0, 0, 14000, 2000, 1000, 1819.64, -1860.7, 14.4141, 199.641, 0, 0, 0, 0, 0, 0, 0, 0, 0, 0, 0, 0, 0, 0, 0, 0, 0, 0, 0, 0, 0, 0, 0, -1, 0, 0, 0, 0, 0, 0, -1, 0, 0, 0, 0, 0, 0, 0, 0, 0, 0, 0, 0, 0, 0, 0, 0, 0, 0, 0),
(2, 5, 462, 0, 0, -1, 0, 0, 3, 0, 0, 'NoHave', 0, 0, 200, 1000, 580, 1478.34, -1724.63, 14.5435, 83.0603, 0, 0, 0, 0, 0, 0, 0, 0, 0, 0, 0, 0, 0, 0, 0, 0, 0, 0, 0, 0, 0, 0, 0, -1, 0, 0, 0, 0, 0, 1658312743, -1, 127, 0, 0, 0, 0, 0, 0, 0, 0, 0, 0, 0, 0, 0, 0, 0, 0, 0, 0),
(3, 7, 462, 0, 0, -1, 0, 0, 1, 0, 0, 'None', 0, 0, 200, 1000, 1000, 1754.87, -1862.2, 13.5753, 240.528, 0, 0, 0, 0, 0, 0, 0, 0, 0, 0, 0, 0, 0, 0, 0, 0, 0, 0, 0, 0, 0, 0, 0, -1, 0, 0, 0, 0, 0, 1658313969, -1, 0, 1, 0, 0, 0, 0, 0, 0, 0, 0, 0, 0, 0, 0, 0, 0, 0, 0, 0),
(4, 8, 481, 0, 0, -1, 0, 0, 3, 0, 0, 'NoHave', 0, 0, 50, 2000, 1000, 1830.45, -1847.68, 13.7904, 285.75, 0, 0, 0, 0, 0, 0, 0, 0, 0, 0, 0, 0, 0, 0, 0, 0, 0, 0, 0, 0, 0, 0, 0, -1, 0, 0, 0, 0, 0, 1658320141, -1, 0, 0, 0, 0, 0, 0, 0, 0, 0, 0, 0, 0, 0, 0, 0, 0, 0, 0, 0),
(5, 5, 554, 0, 0, -1, 0, 0, 3, 0, 0, 'NoHave', 0, 0, 3000, 2000, 1000, 1309.36, -870.703, 40.1344, 359.99, 0, 0, 0, 0, 0, 0, 0, 0, 0, 0, 0, 0, 0, 0, 0, 0, 0, 0, 0, 0, 0, 0, 0, -1, 0, 0, 0, 0, 0, 1658390304, -1, 0, 0, 0, 0, 0, 0, 0, 0, 0, 0, 0, 0, 0, 0, 0, 0, 0, 0, 0),
(6, 11, 603, 0, 0, -1, 0, 1, 3, 0, 0, 'NoHave', 0, 0, 50000, 1469.7, 175, 1474.82, -1723.99, 13.4838, 210.876, 0, 0, 0, 0, 0, 0, 0, 0, 0, 0, 0, 0, 0, 0, 0, 0, 0, 0, 0, 0, 0, 0, 0, -1, 0, 0, 0, 0, 0, 0, -1, 0, 0, 0, 0, 0, 0, 0, 0, 0, 0, 0, 0, 0, 0, 0, 0, 0, 0, 0);

-- --------------------------------------------------------

--
-- Table structure for table `vending`
--

CREATE TABLE `vending` (
  `ID` int(11) NOT NULL,
  `owner` varchar(40) CHARACTER SET latin1 NOT NULL DEFAULT '-',
  `ownerid` int(11) NOT NULL,
  `name` varchar(60) CHARACTER SET latin1 NOT NULL DEFAULT 'Vending Machine',
  `price` int(11) NOT NULL DEFAULT 1,
  `locked` int(11) NOT NULL DEFAULT 0,
  `money` int(11) NOT NULL DEFAULT 0,
  `stock` int(11) NOT NULL DEFAULT 50,
  `posx` float NOT NULL,
  `posy` float NOT NULL DEFAULT 0,
  `posz` float NOT NULL DEFAULT 0,
  `posa` float NOT NULL DEFAULT 0,
  `posrx` float NOT NULL DEFAULT 0,
  `posry` float NOT NULL DEFAULT 0,
  `posrz` float NOT NULL DEFAULT 0,
  `restock` tinyint(4) NOT NULL DEFAULT 0,
  `vprice0` int(11) NOT NULL DEFAULT 0,
  `vprice1` int(11) NOT NULL DEFAULT 0,
  `vprice2` int(11) NOT NULL DEFAULT 0,
  `vprice3` int(11) NOT NULL DEFAULT 0
) ENGINE=InnoDB DEFAULT CHARSET=utf8;

-- --------------------------------------------------------

--
-- Table structure for table `vouchers`
--

CREATE TABLE `vouchers` (
  `id` int(11) NOT NULL,
  `code` int(11) NOT NULL DEFAULT 0,
  `vip` int(11) NOT NULL DEFAULT 0,
  `vip_time` int(11) NOT NULL DEFAULT 0,
  `money` int(11) NOT NULL DEFAULT 0,
  `gold` int(11) NOT NULL DEFAULT 0,
  `admin` varchar(16) NOT NULL DEFAULT 'None',
  `donature` varchar(16) NOT NULL DEFAULT 'None',
  `claim` int(11) NOT NULL DEFAULT 0
) ENGINE=MyISAM DEFAULT CHARSET=latin1;

-- --------------------------------------------------------

--
-- Table structure for table `vstorage`
--

CREATE TABLE `vstorage` (
  `ID` int(11) NOT NULL,
  `owner` int(11) NOT NULL,
  `money` int(11) NOT NULL DEFAULT 0,
  `redmoney` int(11) NOT NULL DEFAULT 0,
  `snack` int(11) NOT NULL DEFAULT 0,
  `sprunk` int(11) NOT NULL DEFAULT 0,
  `medicine` int(11) NOT NULL DEFAULT 0,
  `medkit` int(11) NOT NULL DEFAULT 0,
  `bandage` int(11) NOT NULL DEFAULT 0,
  `seed` int(11) NOT NULL DEFAULT 0,
  `material` int(11) NOT NULL DEFAULT 0,
  `marijuana` int(11) NOT NULL DEFAULT 0,
  `component` int(11) NOT NULL DEFAULT 0,
  `weapon1` int(11) DEFAULT 0,
  `ammo1` int(11) DEFAULT 0,
  `weapon2` int(11) DEFAULT 0,
  `ammo2` int(11) DEFAULT 0,
  `weapon3` int(11) DEFAULT 0,
  `ammo3` int(11) DEFAULT 0
) ENGINE=InnoDB DEFAULT CHARSET=latin1;

-- --------------------------------------------------------

--
-- Table structure for table `weaponsettings`
--

CREATE TABLE `weaponsettings` (
  `Owner` int(11) NOT NULL,
  `WeaponID` tinyint(4) NOT NULL,
  `PosX` float DEFAULT -0.116,
  `PosY` float DEFAULT 0.189,
  `PosZ` float DEFAULT 0.088,
  `RotX` float DEFAULT 0,
  `RotY` float DEFAULT 44.5,
  `RotZ` float DEFAULT 0,
  `Bone` tinyint(4) NOT NULL DEFAULT 1,
  `Hidden` tinyint(4) NOT NULL DEFAULT 0
) ENGINE=MyISAM DEFAULT CHARSET=latin1;

--
-- Dumping data for table `weaponsettings`
--

INSERT INTO `weaponsettings` (`Owner`, `WeaponID`, `PosX`, `PosY`, `PosZ`, `RotX`, `RotY`, `RotZ`, `Bone`, `Hidden`) VALUES
(4, 31, -0.116, 0.189, 0.088, 0, 44.5, 0, 15, 0),
(11, 24, -0.357, 0.096, 0.189, 80.1, -177.6, -6.5, 1, 0),
(11, 29, -0.194, -0.134, 0.032, 0, 44.5, 0, 1, 0);

-- --------------------------------------------------------

--
-- Table structure for table `workshop`
--

CREATE TABLE `workshop` (
  `id` int(11) NOT NULL,
  `owner` varchar(25) NOT NULL DEFAULT '-',
  `ownerid` int(11) NOT NULL,
  `posx` float NOT NULL DEFAULT 0,
  `posy` float NOT NULL DEFAULT 0,
  `posz` float NOT NULL DEFAULT 0,
  `component` int(11) NOT NULL DEFAULT 0,
  `material` int(11) NOT NULL DEFAULT 0,
  `money` int(11) NOT NULL DEFAULT 0,
  `name` varchar(26) NOT NULL DEFAULT '-',
  `status` int(11) NOT NULL DEFAULT 0,
  `price` int(11) NOT NULL DEFAULT 0,
  `employe0` varchar(25) NOT NULL DEFAULT '-',
  `employe1` varchar(25) NOT NULL DEFAULT '-',
  `employe2` varchar(25) NOT NULL DEFAULT '-'
) ENGINE=InnoDB DEFAULT CHARSET=latin1;

--
-- Dumping data for table `workshop`
--

INSERT INTO `workshop` (`id`, `owner`, `ownerid`, `posx`, `posy`, `posz`, `component`, `material`, `money`, `name`, `status`, `price`, `employe0`, `employe1`, `employe2`) VALUES
(0, 'Clairo_Stevano', 2, -907.751, 1527.05, 26.4516, 0, 0, 0, 'Clairo Company', 1, 1000000000, '-', '-', '-'),
(1, '-', 0, 2434.78, 111.134, 26.4776, 0, 0, 0, '-', 0, 1000000000, '-', '-', '-');

--
-- Indexes for dumped tables
--

--
-- Indexes for table `actor`
--
ALTER TABLE `actor`
  ADD PRIMARY KEY (`ID`);

--
-- Indexes for table `atms`
--
ALTER TABLE `atms`
  ADD PRIMARY KEY (`id`);

--
-- Indexes for table `banneds`
--
ALTER TABLE `banneds`
  ADD PRIMARY KEY (`id`);

--
-- Indexes for table `bisnis`
--
ALTER TABLE `bisnis`
  ADD PRIMARY KEY (`ID`);

--
-- Indexes for table `contacts`
--
ALTER TABLE `contacts`
  ADD PRIMARY KEY (`contactID`);

--
-- Indexes for table `doors`
--
ALTER TABLE `doors`
  ADD PRIMARY KEY (`ID`);

--
-- Indexes for table `gates`
--
ALTER TABLE `gates`
  ADD PRIMARY KEY (`ID`);

--
-- Indexes for table `gstations`
--
ALTER TABLE `gstations`
  ADD PRIMARY KEY (`id`);

--
-- Indexes for table `houses`
--
ALTER TABLE `houses`
  ADD PRIMARY KEY (`ID`);

--
-- Indexes for table `lockers`
--
ALTER TABLE `lockers`
  ADD PRIMARY KEY (`id`);

--
-- Indexes for table `loglogin`
--
ALTER TABLE `loglogin`
  ADD PRIMARY KEY (`no`);

--
-- Indexes for table `ores`
--
ALTER TABLE `ores`
  ADD PRIMARY KEY (`id`);

--
-- Indexes for table `plants`
--
ALTER TABLE `plants`
  ADD PRIMARY KEY (`id`);

--
-- Indexes for table `players`
--
ALTER TABLE `players`
  ADD PRIMARY KEY (`reg_id`);

--
-- Indexes for table `playerucp`
--
ALTER TABLE `playerucp`
  ADD PRIMARY KEY (`ID`);

--
-- Indexes for table `reports`
--
ALTER TABLE `reports`
  ADD PRIMARY KEY (`ID`);

--
-- Indexes for table `server`
--
ALTER TABLE `server`
  ADD PRIMARY KEY (`id`);

--
-- Indexes for table `speedcameras`
--
ALTER TABLE `speedcameras`
  ADD PRIMARY KEY (`speedID`);

--
-- Indexes for table `trees`
--
ALTER TABLE `trees`
  ADD PRIMARY KEY (`id`);

--
-- Indexes for table `vehicle`
--
ALTER TABLE `vehicle`
  ADD PRIMARY KEY (`id`);

--
-- Indexes for table `vending`
--
ALTER TABLE `vending`
  ADD PRIMARY KEY (`ID`);

--
-- Indexes for table `vouchers`
--
ALTER TABLE `vouchers`
  ADD PRIMARY KEY (`id`);

--
-- Indexes for table `vstorage`
--
ALTER TABLE `vstorage`
  ADD PRIMARY KEY (`ID`);

--
-- Indexes for table `weaponsettings`
--
ALTER TABLE `weaponsettings`
  ADD PRIMARY KEY (`Owner`,`WeaponID`),
  ADD UNIQUE KEY `Owner` (`Owner`,`WeaponID`);

--
-- Indexes for table `workshop`
--
ALTER TABLE `workshop`
  ADD PRIMARY KEY (`id`);

--
-- AUTO_INCREMENT for dumped tables
--

--
-- AUTO_INCREMENT for table `banneds`
--
ALTER TABLE `banneds`
  MODIFY `id` int(10) UNSIGNED NOT NULL AUTO_INCREMENT;

--
-- AUTO_INCREMENT for table `contacts`
--
ALTER TABLE `contacts`
  MODIFY `contactID` int(11) NOT NULL AUTO_INCREMENT;

--
-- AUTO_INCREMENT for table `loglogin`
--
ALTER TABLE `loglogin`
  MODIFY `no` int(11) NOT NULL AUTO_INCREMENT, AUTO_INCREMENT=278;

--
-- AUTO_INCREMENT for table `players`
--
ALTER TABLE `players`
  MODIFY `reg_id` int(10) UNSIGNED NOT NULL AUTO_INCREMENT, AUTO_INCREMENT=12;

--
-- AUTO_INCREMENT for table `playerucp`
--
ALTER TABLE `playerucp`
  MODIFY `ID` int(11) NOT NULL AUTO_INCREMENT, AUTO_INCREMENT=16;

--
-- AUTO_INCREMENT for table `reports`
--
ALTER TABLE `reports`
  MODIFY `ID` int(11) NOT NULL AUTO_INCREMENT;

--
-- AUTO_INCREMENT for table `vehicle`
--
ALTER TABLE `vehicle`
  MODIFY `id` int(10) UNSIGNED NOT NULL AUTO_INCREMENT, AUTO_INCREMENT=7;

--
-- AUTO_INCREMENT for table `vstorage`
--
ALTER TABLE `vstorage`
  MODIFY `ID` int(11) NOT NULL AUTO_INCREMENT;
COMMIT;

/*!40101 SET CHARACTER_SET_CLIENT=@OLD_CHARACTER_SET_CLIENT */;
/*!40101 SET CHARACTER_SET_RESULTS=@OLD_CHARACTER_SET_RESULTS */;
/*!40101 SET COLLATION_CONNECTION=@OLD_COLLATION_CONNECTION */;
